date,currency,value_brl,prev_value,pct_change_day
2024-02-20,EUR,5.3474,,
2024-02-21,EUR,5.3282,5.3474,-0.35905299771852306
2024-02-22,EUR,5.3432,5.3282,0.2815209639277949
2024-02-23,EUR,5.3979,5.3432,1.0237310974696712
2024-02-26,EUR,5.4064,5.3979,0.15746864521386517
2024-02-27,EUR,5.3779,5.4064,-0.5271530038472805
2024-02-28,EUR,5.369,5.3779,-0.16549210658436397
2024-02-29,EUR,5.3939,5.369,0.4637735146209909
2024-03-01,EUR,5.3747,5.3939,-0.3559576558705313
2024-03-04,EUR,5.3755,5.3747,0.014884551695915071
2024-03-05,EUR,5.3813,5.3755,0.10789693981956283
2024-03-06,EUR,5.3873,5.3813,0.11149722186087896
2024-03-07,EUR,5.3965,5.3873,0.17077200081674349
2024-03-08,EUR,5.4537,5.3965,1.0599462614657718
2024-03-11,EUR,5.4401,5.4537,-0.24937198599116472
2024-03-12,EUR,5.4396,5.4401,-0.00919100751823887
2024-03-13,EUR,5.4504,5.4396,0.19854401058900795
2024-03-14,EUR,5.4187,5.4504,-0.5816086892705075
2024-03-15,EUR,5.4376,5.4187,0.3487921457175913
2024-03-18,EUR,5.457,5.4376,0.3567750478152165
2024-03-19,EUR,5.4687,5.457,0.2144035184167281
2024-03-20,EUR,5.441,5.4687,-0.5065189167443918
2024-03-21,EUR,5.4105,5.441,-0.5605587208233787
2024-03-22,EUR,5.3979,5.4105,-0.2328805101192155
2024-03-25,EUR,5.4043,5.3979,0.11856462698456305
2024-03-26,EUR,5.4009,5.4043,-0.06291286568103072
2024-03-27,EUR,5.3954,5.4009,-0.10183487937195368
2024-03-28,EUR,5.3979,5.3954,0.04633576750563417
2024-04-01,EUR,5.4236,5.3979,0.4761110802349089
2024-04-02,EUR,5.4368,5.4236,0.24338078029351173
2024-04-03,EUR,5.4929,5.4368,1.0318569746909922
2024-04-04,EUR,5.4593,5.4929,-0.6116987383713468
2024-04-05,EUR,5.4774,5.4593,0.331544337186096
2024-04-08,EUR,5.4727,5.4774,-0.08580713477198687
2024-04-09,EUR,5.4367,5.4727,-0.6578105870959416
2024-04-10,EUR,5.4397,5.4367,0.05518053230819664
2024-04-11,EUR,5.444,5.4397,0.0790484769380706
2024-04-12,EUR,5.4698,5.444,0.47391623806025684
2024-04-15,EUR,5.5078,5.4698,0.6947237558960095
2024-04-16,EUR,5.5951,5.5078,1.5850248738153327
2024-04-17,EUR,5.5853,5.5951,-0.17515325910172352
2024-04-18,EUR,5.5983,5.5853,0.23275383596226273
2024-04-19,EUR,5.5708,5.5983,-0.49122054909526147
2024-04-22,EUR,5.541,5.5708,-0.5349321461908474
2024-04-23,EUR,5.5224,5.541,-0.3356794802382268
2024-04-24,EUR,5.5142,5.5224,-0.14848616543532422
2024-04-25,EUR,5.541,5.5142,0.48601791737696853
2024-04-26,EUR,5.4711,5.541,-1.2615051434759161
2024-04-29,EUR,5.4828,5.4711,0.21385096232933165
2024-04-30,EUR,5.5261,5.4828,0.7897424673524389
2024-05-02,EUR,5.4803,5.5261,-0.8287942672047133
2024-05-03,EUR,5.4569,5.4803,-0.4269839242377227
2024-05-06,EUR,5.4689,5.4569,0.21990507430957873
2024-05-07,EUR,5.4502,5.4689,-0.34193347839601707
2024-05-08,EUR,5.4739,5.4502,0.43484642765403425
2024-05-09,EUR,5.5554,5.4739,1.4888836113191584
2024-05-10,EUR,5.5447,5.5554,-0.19260539295100632
2024-05-13,EUR,5.551,5.5447,0.1136220174220437
2024-05-14,EUR,5.5562,5.551,0.09367681498828606
2024-05-15,EUR,5.5856,5.5562,0.5291386199200998
2024-05-16,EUR,5.5761,5.5856,-0.17008020624462716
2024-05-17,EUR,5.5613,5.5761,-0.2654184824518957
2024-05-20,EUR,5.5489,5.5613,-0.22296944958912768
2024-05-21,EUR,5.5406,5.5489,-0.14957919587664792
2024-05-22,EUR,5.5818,5.5406,0.7436017759809399
2024-05-23,EUR,5.5702,5.5818,-0.2078182665090189
2024-05-24,EUR,5.5902,5.5702,0.35905353488205893
2024-05-27,EUR,5.6161,5.5902,0.4633107938893044
2024-05-28,EUR,5.6078,5.6161,-0.14778939121454782
2024-05-29,EUR,5.6187,5.6078,0.1943721245408092
2024-05-31,EUR,5.6856,5.6187,1.1906668802392106
2024-06-03,EUR,5.705,5.6856,0.3412128887012811
2024-06-04,EUR,5.7323,5.705,0.4785276073619782
2024-06-05,EUR,5.7406,5.7323,0.1447935383702692
2024-06-06,EUR,5.7338,5.7406,-0.11845451694945108
2024-06-07,EUR,5.7074,5.7338,-0.46042763961072763
2024-06-10,EUR,5.7702,5.7074,1.1003258927007042
2024-06-11,EUR,5.7458,5.7702,-0.42286229246819573
2024-06-12,EUR,5.8439,5.7458,1.7073340526993608
2024-06-13,EUR,5.8054,5.8439,-0.6588066188675357
2024-06-14,EUR,5.7389,5.8054,-1.1454852378819602
2024-06-17,EUR,5.8049,5.7389,1.1500461760964642
2024-06-18,EUR,5.8075,5.8049,0.04478974659338775
2024-06-19,EUR,5.8751,5.8075,1.1640120533792375
2024-06-20,EUR,5.809,5.8751,-1.1250872325577421
2024-06-21,EUR,5.8198,5.809,0.1859184024789018
2024-06-24,EUR,5.7931,5.8198,-0.4587786521873638
2024-06-25,EUR,5.8117,5.7931,0.3210716196854868
2024-06-26,EUR,5.8866,5.8117,1.2887795309461936
2024-06-27,EUR,5.9145,5.8866,0.4739578024666402
2024-06-28,EUR,5.9547,5.9145,0.6796855186406159
2024-07-01,EUR,5.9968,5.9547,0.707004551026924
2024-07-02,EUR,6.086,5.9968,1.4874599786552922
2024-07-03,EUR,6.0326,6.086,-0.8774235951363729
2024-07-04,EUR,5.9297,6.0326,-1.705732188442799
2024-07-05,EUR,5.9533,5.9297,0.39799652596250734
2024-07-08,EUR,5.93,5.9533,-0.3913795709942325
2024-07-09,EUR,5.882,5.93,-0.8094435075885364
2024-07-10,EUR,5.8419,5.882,-0.6817409044542644
2024-07-11,EUR,5.8818,5.8419,0.6829969701638294
2024-07-12,EUR,5.9448,5.8818,1.0711006834642323
2024-07-15,EUR,5.955,5.9448,0.17157852240614613
2024-07-16,EUR,5.9088,5.955,-0.7758186397984868
2024-07-17,EUR,5.9776,5.9088,1.1643650148930318
2024-07-18,EUR,6.0492,5.9776,1.1978051391863032
2024-07-19,EUR,6.0486,6.0492,-0.009918666931152398
2024-07-22,EUR,6.0502,6.0486,0.026452402208776427
2024-07-23,EUR,6.0584,6.0502,0.1355327096624892
2024-07-24,EUR,6.1164,6.0584,0.9573484748448324
2024-07-25,EUR,6.1264,6.1164,0.16349486626121568
2024-07-26,EUR,6.1321,6.1264,0.09303995821363653
2024-07-29,EUR,6.1116,6.1321,-0.33430635508227
2024-07-30,EUR,6.1111,6.1116,-0.008181163688714133
2024-07-31,EUR,6.1287,6.1111,0.28800052363731066
2024-08-01,EUR,6.1153,6.1287,-0.21864343172287581
2024-08-02,EUR,6.2609,6.1153,2.3809134466011406
2024-08-05,EUR,6.3163,6.2609,0.884856809723833
2024-08-06,EUR,6.1762,6.3163,-2.2180707059512694
2024-08-07,EUR,6.1282,6.1762,-0.7771769048929733
2024-08-08,EUR,6.1306,6.1282,0.03916321268888634
2024-08-09,EUR,6.0208,6.1306,-1.7910155612827383
2024-08-12,EUR,6.0007,6.0208,-0.3338426787137916
2024-08-13,EUR,6.011,6.0007,0.17164664122519824
2024-08-14,EUR,6.0083,6.011,-0.04491765097321965
2024-08-15,EUR,6.004,6.0083,-0.07156766473046527
2024-08-16,EUR,6.0073,6.004,0.05496335776149497
2024-08-19,EUR,6.004,6.0073,-0.05493316464968423
2024-08-20,EUR,6.0585,6.004,0.9077281812125415
2024-08-21,EUR,6.096,6.0585,0.6189650903688948
2024-08-22,EUR,6.1704,6.096,1.2204724409448753
2024-08-23,EUR,6.1762,6.1704,0.09399714767275302
2024-08-26,EUR,6.1314,6.1762,-0.7253651112334336
2024-08-27,EUR,6.1351,6.1314,0.06034510878429877
2024-08-28,EUR,6.1549,6.1351,0.3227331257844135
2024-08-29,EUR,6.2478,6.1549,1.5093665209832796
2024-08-30,EUR,6.2563,6.2478,0.1360478888568828
2024-09-02,EUR,6.2241,6.2563,-0.5146812013490432
2024-09-03,EUR,6.2088,6.2241,-0.24581867257916779
2024-09-04,EUR,6.2451,6.2088,0.584654039427912
2024-09-05,EUR,6.2192,6.2451,-0.4147251445132949
2024-09-06,EUR,6.1751,6.2192,-0.7090944172884028
2024-09-09,EUR,6.1942,6.1751,0.3093067318747922
2024-09-10,EUR,6.2026,6.1942,0.1356107326208278
2024-09-11,EUR,6.2099,6.2026,0.11769258053073717
2024-09-12,EUR,6.2441,6.2099,0.5507335061756269
2024-09-13,EUR,6.1768,6.2441,-1.07781745968194
2024-09-16,EUR,6.1407,6.1768,-0.5844450200751194
2024-09-17,EUR,6.1155,6.1407,-0.41037666715521004
2024-09-18,EUR,6.0879,6.1155,-0.45131223939169907
2024-09-19,EUR,6.041,6.0879,-0.7703805910083905
2024-09-20,EUR,6.1123,6.041,1.180268167521925
2024-09-23,EUR,6.1711,6.1123,0.9619946664921608
2024-09-24,EUR,6.0998,6.1711,-1.1553855876585972
2024-09-25,EUR,6.0992,6.0998,-0.00983638807829923
2024-09-26,EUR,6.0849,6.0992,-0.23445697796431464
2024-09-27,EUR,6.074,6.0849,-0.17913194958011358
2024-09-30,EUR,6.0719,6.074,-0.03457359236087587
2024-10-01,EUR,6.0338,6.0719,-0.627480689734683
2024-10-02,EUR,6.0007,6.0338,-0.5485763532102506
2024-10-03,EUR,6.0423,6.0007,0.6932524538803886
2024-10-04,EUR,5.9941,6.0423,-0.7977094814888286
2024-10-07,EUR,5.9963,5.9941,0.03670275771174847
2024-10-08,EUR,6.0551,5.9963,0.9806047062355328
2024-10-09,EUR,6.1038,6.0551,0.804280689005954
2024-10-10,EUR,6.0988,6.1038,-0.08191618336118589
2024-10-11,EUR,6.1563,6.0988,0.9428084213287891
2024-10-14,EUR,6.1134,6.1563,-0.6968471322060243
2024-10-15,EUR,6.1446,6.1134,0.5103543036607983
2024-10-16,EUR,6.1703,6.1446,0.41825342577224145
2024-10-17,EUR,6.1509,6.1703,-0.314409348005773
2024-10-18,EUR,6.1512,6.1509,0.004877335024144891
2024-10-21,EUR,6.1753,6.1512,0.391793471192603
2024-10-22,EUR,6.1543,6.1753,-0.3400644503101069
2024-10-23,EUR,6.1607,6.1543,0.10399233056561652
2024-10-24,EUR,6.1677,6.1607,0.11362345188046241
2024-10-25,EUR,6.1601,6.1677,-0.12322259513271039
2024-10-28,EUR,6.1655,6.1601,0.08766091459553316
2024-10-29,EUR,6.17,6.1655,0.07298678128295766
2024-10-30,EUR,6.2795,6.17,1.7747163695299717
2024-10-31,EUR,6.2725,6.2795,-0.11147384345886469
2024-11-01,EUR,6.3003,6.2725,0.44320446392984714
2024-11-04,EUR,6.3109,6.3003,0.168245956541746
2024-11-05,EUR,6.3069,6.3109,-0.06338240187612199
2024-11-06,EUR,6.1908,6.3069,-1.8408409836845219
2024-11-07,EUR,6.1216,6.1908,-1.1177876849518653
2024-11-08,EUR,6.1966,6.1216,1.2251698902247865
2024-11-11,EUR,6.1731,6.1966,-0.3792402285124119
2024-11-12,EUR,6.1213,6.1731,-0.8391245889423526
2024-11-13,EUR,6.1112,6.1213,-0.16499763122211908
2024-11-14,EUR,6.1213,6.1112,0.16527032334074931
2024-11-18,EUR,6.0909,6.1213,-0.4966265335794584
2024-11-19,EUR,6.1138,6.0909,0.37597071040404995
2024-11-21,EUR,6.1146,6.1138,0.013085151624192548
2024-11-22,EUR,6.0513,6.1146,-1.0352271612206865
2024-11-25,EUR,6.085,6.0513,0.5569051278237591
2024-11-26,EUR,6.0774,6.085,-0.12489728841413861
2024-11-27,EUR,6.1625,6.0774,1.4002698522394441
2024-11-28,EUR,6.3182,6.1625,2.5265720081135923
2024-11-29,EUR,6.3943,6.3182,1.2044569655914605
2024-12-02,EUR,6.349,6.3943,-0.7084434574542997
2024-12-03,EUR,6.3852,6.349,0.5701685304772441
2024-12-04,EUR,6.3792,6.3852,-0.09396729937981574
2024-12-05,EUR,6.3278,6.3792,-0.80574366691748
2024-12-06,EUR,6.37,6.3278,0.6668984481178253
2024-12-09,EUR,6.4156,6.37,0.7158555729984251
2024-12-10,EUR,6.3586,6.4156,-0.88845938026062
2024-12-11,EUR,6.3282,6.3586,-0.47809266190671496
2024-12-12,EUR,6.2224,6.3282,-1.6718814196769904
2024-12-13,EUR,6.336,6.2224,1.825662123939309
2024-12-16,EUR,6.3577,6.336,0.3424873737373657
2024-12-17,EUR,6.4769,6.3577,1.8748918634097222
2024-12-18,EUR,6.4551,6.4769,-0.3365807716654512
2024-12-19,EUR,6.4197,6.4551,-0.5484035878607574
2024-12-20,EUR,6.3199,6.4197,-1.5545897783385554
2024-12-23,EUR,6.4027,6.3199,1.310147312457488
2024-12-24,EUR,6.4027,6.4027,0.0
2024-12-26,EUR,6.4184,6.4027,0.24520905243099467
2024-12-27,EUR,6.4613,6.4184,0.6683908762308288
2024-12-30,EUR,6.4282,6.4613,-0.5122808103632304
2024-12-31,EUR,6.4363,6.4282,0.12600728042064802
2025-01-02,EUR,6.3793,6.4363,-0.8856019762907286
2025-01-03,EUR,6.3342,6.3793,-0.7069741194174917
2025-01-06,EUR,6.3533,6.3342,0.3015376843168882
2025-01-07,EUR,6.3013,6.3533,-0.8184722899910235
2025-01-08,EUR,6.3179,6.3013,0.26343770333105976
2025-01-09,EUR,6.2723,6.3179,-0.7217588122635621
2025-01-10,EUR,6.2501,6.2723,-0.353937152240813
2025-01-13,EUR,6.2288,6.2501,-0.3407945472872487
2025-01-14,EUR,6.2461,6.2288,0.27774210120730114
2025-01-15,EUR,6.2231,6.2461,-0.3682297753798469
2025-01-16,EUR,6.2144,6.2231,-0.13980170654496193
2025-01-17,EUR,6.2427,6.2144,0.45539392378990406
2025-01-20,EUR,6.2924,6.2427,0.7961298796994809
2025-01-21,EUR,6.2864,6.2924,-0.09535312440402954
2025-01-22,EUR,6.218,6.2864,-1.088063120386873
2025-01-23,EUR,6.1757,6.218,-0.6802830492119605
2025-01-24,EUR,6.1971,6.1757,0.3465194228994273
2025-01-27,EUR,6.2236,6.1971,0.42761937035065145
2025-01-28,EUR,6.1435,6.2236,-1.2870364419307112
2025-01-29,EUR,6.1063,6.1435,-0.605518027183205
2025-01-30,EUR,6.1555,6.1063,0.8057252345937682
2025-01-31,EUR,6.0616,6.1555,-1.5254650312728435
2025-02-03,EUR,6.053,6.0616,-0.14187673221591757
2025-02-04,EUR,6.0134,6.053,-0.6542210474145049
2025-02-05,EUR,6.045,6.0134,0.5254930654870815
2025-02-06,EUR,5.9997,6.045,-0.7493796526054641
2025-02-07,EUR,5.9595,5.9997,-0.6700335016750714
2025-02-10,EUR,5.9641,5.9595,0.07718768353048855
2025-02-11,EUR,5.9753,5.9641,0.18779027849968877
2025-02-12,EUR,5.9875,5.9753,0.20417384901176838
2025-02-13,EUR,6.0296,5.9875,0.7031315240083602
2025-02-14,EUR,6.0199,6.0296,-0.16087302640308554
2025-02-17,EUR,5.9846,6.0199,-0.5863884782139173
2025-02-18,EUR,5.964,5.9846,-0.34421682317948843
2025-02-19,EUR,5.9513,5.964,-0.21294433266265678
2025-02-20,EUR,5.9722,5.9513,0.35118377497354025
2025-02-21,EUR,5.9622,5.9722,-0.1674424835069077
2025-02-24,EUR,5.9943,5.9622,0.5383918687732692
2025-02-25,EUR,6.0656,5.9943,1.1894633234906582
2025-02-26,EUR,6.0685,6.0656,0.04781060406224835
2025-02-27,EUR,6.065,6.0685,-0.05767487847079256
2025-02-28,EUR,6.0828,6.065,0.2934872217642104
2025-03-05,EUR,6.2397,6.0828,2.5794042217399893
2025-03-06,EUR,6.2192,6.2397,-0.32854143628699983
2025-03-07,EUR,6.2713,6.2192,0.8377283251865153
2025-03-10,EUR,6.2785,6.2713,0.11480873184188667
2025-03-11,EUR,6.3755,6.2785,1.544955005176396
2025-03-12,EUR,6.3658,6.3755,-0.15214492980941685
2025-03-13,EUR,6.3124,6.3658,-0.8388576455433672
2025-03-14,EUR,6.2426,6.3124,-1.105760091248964
2025-03-17,EUR,6.2345,6.2426,-0.1297536282959144
2025-03-18,EUR,6.2122,6.2345,-0.35768706391851035
2025-03-19,EUR,6.1637,6.2122,-0.780721805479534
2025-03-20,EUR,6.143,6.1637,-0.335837240618464
2025-03-21,EUR,6.186,6.143,0.6999837213088167
2025-03-24,EUR,6.1967,6.186,0.17297122534756237
2025-03-25,EUR,6.1574,6.1967,-0.6342085303467915
2025-03-26,EUR,6.1779,6.1574,0.332932731347646
2025-03-27,EUR,6.2072,6.1779,0.47427119247640537
2025-03-28,EUR,6.2423,6.2072,0.5654723546848706
2025-03-31,EUR,6.1993,6.2423,-0.6888486615510336
2025-04-01,EUR,6.1615,6.1993,-0.609746261674704
2025-04-02,EUR,6.1864,6.1615,0.4041223727988319
2025-04-03,EUR,6.196,6.1864,0.1551791025475202
2025-04-04,EUR,6.3641,6.196,2.7130406714009014
2025-04-07,EUR,6.4252,6.3641,0.9600729089737747
2025-04-08,EUR,6.4788,6.4252,0.8342152773454403
2025-04-09,EUR,6.6902,6.4788,3.2629499289992037
2025-04-10,EUR,6.6144,6.6902,-1.133000508206039
2025-04-11,EUR,6.6508,6.6144,0.5503144654088077
2025-04-14,EUR,6.6359,6.6508,-0.22403319901365126
2025-04-15,EUR,6.628,6.6359,-0.11904941304118344
2025-04-16,EUR,6.6941,6.628,0.9972842486421163
2025-04-17,EUR,6.6558,6.6941,-0.5721456207705256
2025-04-22,EUR,6.5925,6.6558,-0.9510502118453057
2025-04-23,EUR,6.4559,6.5925,-2.0720515737580714
2025-04-24,EUR,6.4477,6.4559,-0.12701559813502739
2025-04-25,EUR,6.4696,6.4477,0.33965600136482976
2025-04-28,EUR,6.4543,6.4696,-0.2364906640286879
2025-04-29,EUR,6.435,6.4543,-0.29902545589762797
2025-04-30,EUR,6.4256,6.435,-0.14607614607613506
2025-05-02,EUR,6.3894,6.4256,-0.5633715139442219
2025-05-05,EUR,6.3952,6.3894,0.0907753466679262
2025-05-06,EUR,6.4905,6.3952,1.4901801351013155
2025-05-07,EUR,6.5109,6.4905,0.31430552345736995
2025-05-08,EUR,6.3962,6.5109,-1.7616612142714483
2025-05-09,EUR,6.3688,6.3962,-0.42837935023920526
2025-05-12,EUR,6.3107,6.3688,-0.9122597663610121
2025-05-13,EUR,6.2878,6.3107,-0.36287575070911293
2025-05-14,EUR,6.2866,6.2878,-0.019084576481442905
2025-05-15,EUR,6.3025,6.2866,0.25291890688130536
2025-05-16,EUR,6.342,6.3025,0.6267354224513966
2025-05-19,EUR,6.3591,6.342,0.26963103122044085
2025-05-20,EUR,6.372,6.3591,0.20285889512667854
2025-05-21,EUR,6.4168,6.372,0.7030759573132483
2025-05-22,EUR,6.3619,6.4168,-0.855566637576366
2025-05-23,EUR,6.4618,6.3619,1.5702856065012094
2025-05-26,EUR,6.4438,6.4618,-0.278560153517593
2025-05-27,EUR,6.4042,6.4438,-0.6145442130419898
2025-05-28,EUR,6.4258,6.4042,0.33727866087878144
2025-05-29,EUR,6.4308,6.4258,0.07781132310373806
2025-05-30,EUR,6.4777,6.4308,0.7293027306089384
2025-06-02,EUR,6.5085,6.4777,0.47547740710438546
2025-06-03,EUR,6.4478,6.5085,-0.9326265652608079
2025-06-04,EUR,6.4354,6.4478,-0.1923136573715123
2025-06-05,EUR,6.4023,6.4354,-0.5143425428100645
2025-06-06,EUR,6.3763,6.4023,-0.4061040563547613
2025-06-09,EUR,6.3706,6.3763,-0.089393535435911
2025-06-10,EUR,6.3468,6.3706,-0.37359118450380757
2025-06-11,EUR,6.3643,6.3468,0.2757295014810701
2025-06-12,EUR,6.4128,6.3643,0.7620633848184344
2025-06-13,EUR,6.4323,6.4128,0.3040793413173537
2025-06-16,EUR,6.3838,6.4323,-0.7540071203146592
2025-06-17,EUR,6.3181,6.3838,-1.029167580437973
2025-06-18,EUR,6.3226,6.3181,0.07122394390719489
2025-06-20,EUR,6.3316,6.3226,0.1423465030208959
2025-06-23,EUR,6.371,6.3316,0.6222755701560612
2025-06-24,EUR,6.3772,6.371,0.09731596295714517
2025-06-25,EUR,6.4406,6.3772,0.9941667189361958
2025-06-26,EUR,6.4613,6.4406,0.32139862745705905
2025-06-27,EUR,6.4199,6.4613,-0.6407379319951056
2025-06-30,EUR,6.423,6.4199,0.04828735650088678
2025-07-01,EUR,6.4192,6.423,-0.05916238517826855
2025-07-02,EUR,6.427,6.4192,0.12151046859421033
2025-07-03,EUR,6.3738,6.427,-0.827757896374659
2025-07-04,EUR,6.3718,6.3738,-0.03137845555241103
2025-07-07,EUR,6.4006,6.3718,0.4519915879343195
2025-07-08,EUR,6.3892,6.4006,-0.17810830234665787
2025-07-09,EUR,6.3951,6.3892,0.09234332936831624
2025-07-10,EUR,6.4796,6.3951,1.3213241387937558
2025-07-11,EUR,6.5178,6.4796,0.5895425643558383
2025-07-14,EUR,6.489,6.5178,-0.4418668876001175
2025-07-15,EUR,6.4579,6.489,-0.4792726151949367
2025-07-16,EUR,6.4794,6.4579,0.3329255640378337
2025-07-17,EUR,6.4644,6.4794,-0.2315029169367433
2025-07-18,EUR,6.4596,6.4644,-0.07425283088918766
2025-07-21,EUR,6.5109,6.4596,0.7941668214750175
2025-07-22,EUR,6.5453,6.5109,0.5283447756838422
2025-07-23,EUR,6.5239,6.5453,-0.32695216414831973
2025-07-24,EUR,6.4989,6.5239,-0.38320636429129973
2025-07-25,EUR,6.502,6.4989,0.047700380064319425
2025-07-28,EUR,6.4873,6.502,-0.22608428175945328
2025-07-29,EUR,6.4324,6.4873,-0.8462688637799975
2025-07-30,EUR,6.4271,6.4324,-0.08239537342205061
2025-07-31,EUR,6.4038,6.4271,-0.3625274229434705
2025-08-01,EUR,6.4051,6.4038,0.020300446609811118
2025-08-04,EUR,6.3755,6.4051,-0.4621317387706769
2025-08-05,EUR,6.3828,6.3755,0.11450082346482482
2025-08-06,EUR,6.3828,6.3828,0.0
2025-08-07,EUR,6.3604,6.3828,-0.35094315974179
2025-08-08,EUR,6.326,6.3604,-0.5408464876422991
2025-08-11,EUR,6.3232,6.326,-0.04426177679417442
2025-08-12,EUR,6.3095,6.3232,-0.21666244939271273
2025-08-13,EUR,6.3171,6.3095,0.12045328472938266
2025-08-14,EUR,6.2988,6.3171,-0.2896898893479549
2025-08-15,EUR,6.3134,6.2988,0.23179018225694126
2025-08-18,EUR,6.3183,6.3134,0.07761269680361949
2025-08-19,EUR,6.3799,6.3183,0.9749457923808658
2025-08-20,EUR,6.375,6.3799,-0.07680371165692534
2025-08-21,EUR,6.3628,6.375,-0.19137254901960832
2025-08-22,EUR,6.3709,6.3628,0.12730244546426128
2025-08-25,EUR,6.3226,6.3709,-0.7581346434569536
2025-08-26,EUR,6.3207,6.3226,-0.030050928415525924
2025-08-27,EUR,6.3196,6.3207,-0.01740313572864416
2025-08-28,EUR,6.3174,6.3196,-0.034812329894295946
2025-08-29,EUR,6.3467,6.3174,0.46379839807515477
2025-09-01,EUR,6.3628,6.3467,0.25367513826082266
2025-09-02,EUR,6.3724,6.3628,0.15087697240208087
2025-09-03,EUR,6.3617,6.3724,-0.1679116188563201
2025-09-04,EUR,6.3588,6.3617,-0.04558529952686241
2025-09-05,EUR,6.3461,6.3588,-0.19972321821727368
2025-09-08,EUR,6.3782,6.3461,0.5058224736452344
2025-09-09,EUR,6.363,6.3782,-0.23831174939636934
2025-09-10,EUR,6.3405,6.363,-0.35360678925037137
2025-09-11,EUR,6.3192,6.3405,-0.33593565176246454
2025-09-12,EUR,6.2883,6.3192,-0.48898594758831626
2025-09-15,EUR,6.2642,6.2883,-0.38325143520505645
2025-09-16,EUR,6.2908,6.2642,0.4246352287602617
2025-09-17,EUR,6.2797,6.2908,-0.17644814649965257
2025-09-18,EUR,6.2446,6.2797,-0.5589438985938777
2025-09-19,EUR,6.2621,6.2446,0.2802421291996371
2025-09-22,EUR,6.293,6.2621,0.4934446910780821
2025-09-23,EUR,6.262,6.293,-0.49261083743843415
2025-09-24,EUR,6.2369,6.262,-0.40083040562119976
2025-09-25,EUR,6.2368,6.2369,-0.001603360643920304
2025-09-26,EUR,6.2488,6.2368,0.192406362237052
2025-09-29,EUR,6.2438,6.2488,-0.08001536294968137
2025-09-30,EUR,6.2414,6.2438,-0.038438130625595424
2025-10-01,EUR,6.2376,6.2414,-0.0608837760758818
2025-10-02,EUR,6.2525,6.2376,0.23887392586894318
2025-10-03,EUR,6.2844,6.2525,0.510195921631329
2025-10-06,EUR,6.2317,6.2844,-0.8385844312901791
2025-10-07,EUR,6.2301,6.2317,-0.02567517691801635
2025-10-08,EUR,6.2013,6.2301,-0.4622718736456921
2025-10-09,EUR,6.189,6.2013,-0.19834550819989305
2025-10-10,EUR,6.3234,6.189,2.171594764905471
2025-10-13,EUR,6.3239,6.3234,0.007907138564688942
2025-10-14,EUR,6.3829,6.3239,0.9329685795158138
2025-10-15,EUR,6.3391,6.3829,-0.6862084632377141
2025-10-16,EUR,6.3409,6.3391,0.02839519805650781
2025-10-17,EUR,6.3489,6.3409,0.126165055433769
2025-10-20,EUR,6.2675,6.3489,-1.2821118618973393
2025-10-21,EUR,6.255,6.2675,-0.1994415636218605
2025-10-22,EUR,6.2586,6.255,0.057553956834532904
2025-10-23,EUR,6.2524,6.2586,-0.09906368836481994
2025-10-24,EUR,6.2544,6.2524,0.03198771671679701
2025-10-27,EUR,6.2537,6.2544,-0.011192120746994494
2025-10-28,EUR,6.2603,6.2537,0.1055375217871024
2025-10-29,EUR,6.2304,6.2603,-0.4776128939507629
2025-10-30,EUR,6.2278,6.2304,-0.0417308680020545
2025-10-31,EUR,6.214,6.2278,-0.2215870772985573
2025-11-03,EUR,6.167,6.214,-0.7563566140972089
2025-11-04,EUR,6.188,6.167,0.34052213393871433
2025-11-05,EUR,6.176,6.188,-0.19392372333547625
2025-11-06,EUR,6.1688,6.176,-0.11658031088083165
2025-11-07,EUR,6.1993,6.1688,0.4944235507716277
2025-11-10,EUR,6.1403,6.1993,-0.9517203555240106
2025-11-11,EUR,6.1145,6.1403,-0.4201749100206875
2025-11-12,EUR,6.132,6.1145,0.28620492272466436
2025-11-13,EUR,6.1482,6.132,0.2641878669275899
2025-11-14,EUR,6.1498,6.1482,0.026023876907066423
2025-11-17,EUR,6.1595,6.1498,0.1577287066246047
2025-11-18,EUR,6.1808,6.1595,0.3458072895527131
2025-11-19,EUR,6.1604,6.1808,-0.3300543618948937
2025-11-21,EUR,6.2003,6.1604,0.6476852152457635
2025-11-24,EUR,6.2202,6.2003,0.32095221198973345
2025-11-25,EUR,6.2256,6.2202,0.0868139288125791
2025-11-26,EUR,6.2237,6.2256,-0.030519146748908543
2025-11-27,EUR,6.2022,6.2237,-0.3454536690393084
2025-11-28,EUR,6.1915,6.2022,-0.1725194285898679
2025-12-01,EUR,6.2179,6.1915,0.4263910199467036
2025-12-02,EUR,6.2057,6.2179,-0.1962077228646275
2025-12-03,EUR,6.1931,6.2057,-0.2030391414344912
2025-12-04,EUR,6.1816,6.1931,-0.18569052655373897
2025-12-05,EUR,6.2211,6.1816,0.6389931409343852
2025-12-08,EUR,6.3064,6.2211,1.3711401520631439
2025-12-09,EUR,6.3465,6.3064,0.6358619814791355
2025-12-10,EUR,6.3636,6.3465,0.26943984873553095
2025-12-11,EUR,6.3766,6.3636,0.20428688163931508
2025-12-12,EUR,6.3404,6.3766,-0.5677006555217523
2025-12-15,EUR,6.3442,6.3404,0.05993312724750233
2025-12-16,EUR,6.4158,6.3442,1.128589893130738
2025-12-17,EUR,6.4756,6.4158,0.9320739424545588
2025-12-18,EUR,6.4836,6.4756,0.12354067576749728
2025-12-19,EUR,6.4598,6.4836,-0.367080017274346
2025-12-22,EUR,6.5165,6.4598,0.8777361528220506
2025-12-23,EUR,6.552,6.5165,0.5447709660093558
2025-12-24,EUR,6.5236,6.552,-0.4334554334554319
2025-12-26,EUR,6.5271,6.5236,0.05365135814581201
2025-12-29,EUR,6.5594,6.5271,0.4948598918355751
2025-12-30,EUR,6.4708,6.5594,-1.350733298777329
2025-12-31,EUR,6.4692,6.4708,-0.024726463497559692
2026-01-02,EUR,6.3898,6.4692,-1.2273542323625763
2026-01-05,EUR,6.3618,6.3898,-0.4381983786660104
2026-01-06,EUR,6.2921,6.3618,-1.0956018736835493
2026-01-07,EUR,6.2991,6.2921,0.11125061585162133
2026-01-08,EUR,6.2838,6.2991,-0.24289184169167255
2026-01-09,EUR,6.2526,6.2838,-0.49651484770362186
2026-01-12,EUR,6.2802,6.2526,0.44141637078973783
2026-01-13,EUR,6.2651,6.2802,-0.24043820260500892
2026-01-14,EUR,6.273,6.2651,0.12609535362562152
2026-01-15,EUR,6.2478,6.273,-0.4017216642754673
2026-01-16,EUR,6.2384,6.2478,-0.15045295944171588
2026-01-19,EUR,6.2457,6.2384,0.11701718389329763
2026-01-20,EUR,6.3085,6.2457,1.0054917783435036
2026-01-21,EUR,6.2451,6.3085,-1.0049932630577851
2026-01-22,EUR,6.2334,6.2451,-0.18734687995388688
2026-01-23,EUR,6.218,6.2334,-0.24705618121730888
2026-01-26,EUR,6.2763,6.218,0.9376005146349398
2026-01-27,EUR,6.2619,6.2763,-0.22943453945796222
2026-01-28,EUR,6.1926,6.2619,-1.1066928568006507
2026-01-29,EUR,6.1984,6.1926,0.09366017504763846
2026-01-30,EUR,6.2217,6.1984,0.3759034589571497
2026-02-02,EUR,6.2016,6.2217,-0.3230628284873971
2026-02-03,EUR,6.1712,6.2016,-0.4901960784313708
2026-02-04,EUR,6.1768,6.1712,0.09074410163338875
2026-02-05,EUR,6.2002,6.1768,0.3788369382204282
2026-02-06,EUR,6.1867,6.2002,-0.2177349117770344
2026-02-09,EUR,6.188,6.1867,0.021012817818855112
2026-02-10,EUR,6.1983,6.188,0.16645119586295998
2026-02-11,EUR,6.1477,6.1983,-0.816352870948478
2026-02-12,EUR,6.1425,6.1477,-0.0845844787481509
2026-02-13,EUR,6.1956,6.1425,0.8644688644688703
2026-02-18,EUR,6.1746,6.1956,-0.3389502227387209
2024-02-20,GBP,6.257,,
2024-02-21,GBP,6.2191,6.257,-0.6057215918171543
2024-02-22,GBP,6.2377,6.2191,0.29907864481999447
2024-02-23,GBP,6.3211,6.2377,1.3370312775542237
2024-02-26,GBP,6.3205,6.3211,-0.009492018794199364
2024-02-27,GBP,6.2886,6.3205,-0.504706906099206
2024-02-28,GBP,6.2719,6.2886,-0.26555990204497615
2024-02-29,GBP,6.3049,6.2719,0.5261563481560705
2024-03-01,GBP,6.2764,6.3049,-0.45202937397896825
2024-03-04,GBP,6.2833,6.2764,0.10993563189090061
2024-03-05,GBP,6.3018,6.2833,0.294431270192419
2024-03-06,GBP,6.2948,6.3018,-0.1110793741470606
2024-03-07,GBP,6.3141,6.2948,0.30660227489356373
2024-03-08,GBP,6.4099,6.3141,1.5172391948179653
2024-03-11,GBP,6.3754,6.4099,-0.5382299255838663
2024-03-12,GBP,6.3691,6.3754,-0.09881732910875796
2024-03-13,GBP,6.3733,6.3691,0.06594338289553914
2024-03-14,GBP,6.3444,6.3733,-0.4534542544678555
2024-03-15,GBP,6.3625,6.3444,0.2852909652606872
2024-03-18,GBP,6.3828,6.3625,0.31905697445973047
2024-03-19,GBP,6.4012,6.3828,0.2882747383593509
2024-03-20,GBP,6.3718,6.4012,-0.45928888333437445
2024-03-21,GBP,6.31,6.3718,-0.9698986157757772
2024-03-22,GBP,6.2885,6.31,-0.34072900158478303
2024-03-25,GBP,6.3064,6.2885,0.28464657708515695
2024-03-26,GBP,6.2981,6.3064,-0.13161233033109898
2024-03-27,GBP,6.2968,6.2981,-0.020641145742361644
2024-03-28,GBP,6.3122,6.2968,0.24456866980053782
2024-04-01,GBP,6.3397,6.3122,0.4356642691929924
2024-04-02,GBP,6.3484,6.3397,0.13723046831868313
2024-04-03,GBP,6.409,6.3484,0.954571230546275
2024-04-04,GBP,6.365,6.409,-0.6865345607739104
2024-04-05,GBP,6.3822,6.365,0.27022780832679505
2024-04-08,GBP,6.3793,6.3822,-0.04543887687631365
2024-04-09,GBP,6.3471,6.3793,-0.504757575282544
2024-04-10,GBP,6.3545,6.3471,0.1165886782940273
2024-04-11,GBP,6.3649,6.3545,0.1636635455189106
2024-04-12,GBP,6.3984,6.3649,0.5263240585083873
2024-04-15,GBP,6.4517,6.3984,0.8330207551888069
2024-04-16,GBP,6.5462,6.4517,1.4647302261419526
2024-04-17,GBP,6.5298,6.5462,-0.2505270233112311
2024-04-18,GBP,6.5456,6.5298,0.24196759471959428
2024-04-19,GBP,6.4814,6.5456,-0.9808115375213977
2024-04-22,GBP,6.4226,6.4814,-0.9072114049433755
2024-04-23,GBP,6.4197,6.4226,-0.04515305328061103
2024-04-24,GBP,6.4149,6.4197,-0.07476984905835371
2024-04-25,GBP,6.4563,6.4149,0.6453724921666737
2024-04-26,GBP,6.3852,6.4563,-1.1012499419171928
2024-04-29,GBP,6.4205,6.3852,0.5528409446845739
2024-04-30,GBP,6.4715,6.4205,0.7943306596059463
2024-05-02,GBP,6.4016,6.4715,-1.0801205284709847
2024-05-03,GBP,6.3593,6.4016,-0.660772306923274
2024-05-06,GBP,6.3794,6.3593,0.31607252370544625
2024-05-07,GBP,6.344,6.3794,-0.5549111201680446
2024-05-08,GBP,6.3634,6.344,0.3058007566204335
2024-05-09,GBP,6.4502,6.3634,1.3640506647389694
2024-05-10,GBP,6.4474,6.4502,-0.04340950668195731
2024-05-13,GBP,6.4589,6.4474,0.17836647330706779
2024-05-14,GBP,6.4657,6.4589,0.10528108501448585
2024-05-15,GBP,6.5086,6.4657,0.6635012450314726
2024-05-16,GBP,6.501,6.5086,-0.11676858310543103
2024-05-17,GBP,6.498,6.501,-0.046146746654363024
2024-05-20,GBP,6.4914,6.498,-0.10156971375808732
2024-05-21,GBP,6.4863,6.4914,-0.07856548664386676
2024-05-22,GBP,6.5603,6.4863,1.1408661332346526
2024-05-23,GBP,6.543,6.5603,-0.2637074524030836
2024-05-24,GBP,6.5652,6.543,0.33929390187987796
2024-05-27,GBP,6.6047,6.5652,0.6016572229330386
2024-05-28,GBP,6.5902,6.6047,-0.21954063015731107
2024-05-29,GBP,6.6077,6.5902,0.26554581044582193
2024-05-31,GBP,6.6757,6.6077,1.0291024108237234
2024-06-03,GBP,6.7011,6.6757,0.3804844435789656
2024-06-04,GBP,6.7355,6.7011,0.5133485547148986
2024-06-05,GBP,6.7478,6.7355,0.18261450523346934
2024-06-06,GBP,6.7347,6.7478,-0.19413734846912556
2024-06-07,GBP,6.7201,6.7347,-0.21678768170816376
2024-06-10,GBP,6.8333,6.7201,1.6844987425782332
2024-06-11,GBP,6.8104,6.8333,-0.3351235859687218
2024-06-12,GBP,6.9207,6.8104,1.6195818160460451
2024-06-13,GBP,6.8882,6.9207,-0.46960567572643663
2024-06-14,GBP,6.8024,6.8882,-1.2456084318109295
2024-06-17,GBP,6.8696,6.8024,0.9878866282488685
2024-06-18,GBP,6.8663,6.8696,-0.04803773145453105
2024-06-19,GBP,6.9544,6.8663,1.283078222623546
2024-06-20,GBP,6.8734,6.9544,-1.1647302427240214
2024-06-21,GBP,6.8804,6.8734,0.10184188320190302
2024-06-24,GBP,6.8488,6.8804,-0.45927562351025797
2024-06-25,GBP,6.8823,6.8488,0.489136783086086
2024-06-26,GBP,6.956,6.8823,1.0708629382619295
2024-06-27,GBP,6.9876,6.956,0.4542840713053442
2024-06-28,GBP,7.0259,6.9876,0.5481138015913878
2024-07-01,GBP,7.0699,7.0259,0.6262542877069066
2024-07-02,GBP,7.1855,7.0699,1.6351009208051215
2024-07-03,GBP,7.1315,7.1855,-0.7515134646162491
2024-07-04,GBP,6.9986,7.1315,-1.8635630652737878
2024-07-05,GBP,7.0417,6.9986,0.615837453204926
2024-07-08,GBP,7.0184,7.0417,-0.3308860076401965
2024-07-09,GBP,6.9545,7.0184,-0.910463923401339
2024-07-10,GBP,6.9304,6.9545,-0.3465382126680683
2024-07-11,GBP,6.9886,6.9304,0.8397783677709825
2024-07-12,GBP,7.0811,6.9886,1.3235841227141387
2024-07-15,GBP,7.0845,7.0811,0.048015138890855624
2024-07-16,GBP,7.0323,7.0845,-0.7368198179123486
2024-07-17,GBP,7.1109,7.0323,1.11769975683631
2024-07-18,GBP,7.1904,7.1109,1.1180019406826114
2024-07-19,GBP,7.1773,7.1904,-0.18218736092568966
2024-07-22,GBP,7.1783,7.1773,0.013932815961448242
2024-07-23,GBP,7.2075,7.1783,0.4067815499491534
2024-07-24,GBP,7.2822,7.2075,1.0364203954214446
2024-07-25,GBP,7.2668,7.2822,-0.21147455439289864
2024-07-26,GBP,7.2631,7.2668,-0.050916496945008216
2024-07-29,GBP,7.2587,7.2631,-0.06058019303051276
2024-07-30,GBP,7.2525,7.2587,-0.08541474368688462
2024-07-31,GBP,7.2701,7.2525,0.24267493967597975
2024-08-01,GBP,7.237,7.2701,-0.4552894733222401
2024-08-02,GBP,7.3411,7.237,1.4384413430979626
2024-08-05,GBP,7.3591,7.3411,0.24519486180545336
2024-08-06,GBP,7.1762,7.3591,-2.485358263918147
2024-08-07,GBP,7.1328,7.1762,-0.6047769014241533
2024-08-08,GBP,7.1574,7.1328,0.3448855989232946
2024-08-09,GBP,7.0349,7.1574,-1.711515354737747
2024-08-12,GBP,7.0132,7.0349,-0.30846209612076514
2024-08-13,GBP,7.0394,7.0132,0.3735812467917654
2024-08-14,GBP,7.0041,7.0394,-0.5014631928857538
2024-08-15,GBP,7.0303,7.0041,0.3740666181236696
2024-08-16,GBP,7.0508,7.0303,0.29159495327366614
2024-08-19,GBP,7.04,7.0508,-0.15317410790264274
2024-08-20,GBP,7.1064,7.04,0.9431818181818041
2024-08-21,GBP,7.154,7.1064,0.6698187549251333
2024-08-22,GBP,7.2709,7.154,1.6340508806262255
2024-08-23,GBP,7.292,7.2709,0.2901979122254428
2024-08-26,GBP,7.2413,7.292,-0.6952825013713637
2024-08-27,GBP,7.2751,7.2413,0.46676701697210277
2024-08-28,GBP,7.3016,7.2751,0.3642561614273232
2024-08-29,GBP,7.4314,7.3016,1.7776925605346827
2024-08-30,GBP,7.4272,7.4314,-0.05651694162607246
2024-09-02,GBP,7.392,7.4272,-0.4739336492890933
2024-09-03,GBP,7.367,7.392,-0.33820346320346806
2024-09-04,GBP,7.4067,7.367,0.5388896430025714
2024-09-05,GBP,7.3789,7.4067,-0.3753358445731547
2024-09-06,GBP,7.3148,7.3789,-0.8686931656479935
2024-09-09,GBP,7.3392,7.3148,0.3335702958385811
2024-09-10,GBP,7.3496,7.3392,0.14170481796380585
2024-09-11,GBP,7.3438,7.3496,-0.0789158593664907
2024-09-12,GBP,7.3978,7.3438,0.7353141425420207
2024-09-13,GBP,7.3212,7.3978,-1.035442969531486
2024-09-16,GBP,7.2884,7.3212,-0.44801398677811743
2024-09-17,GBP,7.2404,7.2884,-0.6585807584655101
2024-09-18,GBP,7.2281,7.2404,-0.16988011712060214
2024-09-19,GBP,7.1963,7.2281,-0.43994964098449385
2024-09-20,GBP,7.2884,7.1963,1.2798243541820131
2024-09-23,GBP,7.4026,7.2884,1.566873387849177
2024-09-24,GBP,7.3186,7.4026,-1.1347364439521224
2024-09-25,GBP,7.3012,7.3186,-0.23775038941874493
2024-09-26,GBP,7.3064,7.3012,0.07122116912288146
2024-09-27,GBP,7.2899,7.3064,-0.22582940983246758
2024-09-30,GBP,7.2999,7.2899,0.13717609295051947
2024-10-01,GBP,7.2404,7.2999,-0.8150796586254616
2024-10-02,GBP,7.2068,7.2404,-0.4640627589635904
2024-10-03,GBP,7.1925,7.2068,-0.19842371093967692
2024-10-04,GBP,7.1677,7.1925,-0.3448036148766098
2024-10-07,GBP,7.1467,7.1677,-0.2929810120401277
2024-10-08,GBP,7.2269,7.1467,1.1221962584129663
2024-10-09,GBP,7.2904,7.2269,0.8786616668281066
2024-10-10,GBP,7.2866,7.2904,-0.052123340283116715
2024-10-11,GBP,7.3536,7.2866,0.9194960612631364
2024-10-14,GBP,7.3139,7.3536,-0.5398716275021753
2024-10-15,GBP,7.3759,7.3139,0.847700952979924
2024-10-16,GBP,7.3774,7.3759,0.02033650130832676
2024-10-17,GBP,7.3831,7.3774,0.07726299238213219
2024-10-18,GBP,7.3793,7.3831,-0.05146889517952946
2024-10-21,GBP,7.4074,7.3793,0.38079492634803813
2024-10-22,GBP,7.3869,7.4074,-0.27675027675028163
2024-10-23,GBP,7.3974,7.3869,0.14214352434716027
2024-10-24,GBP,7.4019,7.3974,0.060832184280967816
2024-10-25,GBP,7.3934,7.4019,-0.11483538010511607
2024-10-28,GBP,7.3982,7.3934,0.06492276895611049
2024-10-29,GBP,7.4311,7.3982,0.4447027655375635
2024-10-30,GBP,7.5222,7.4311,1.2259288665204426
2024-10-31,GBP,7.4281,7.5222,-1.2509638137778833
2024-11-01,GBP,7.5257,7.4281,1.313929537836045
2024-11-04,GBP,7.5181,7.5257,-0.10098728357494924
2024-11-05,GBP,7.5217,7.5181,0.047884438887502156
2024-11-06,GBP,7.4314,7.5217,-1.2005264767273371
2024-11-07,GBP,7.3594,7.4314,-0.9688618564469675
2024-11-08,GBP,7.4591,7.3594,1.3547300051634625
2024-11-11,GBP,7.462,7.4591,0.03887868509604431
2024-11-12,GBP,7.3641,7.462,-1.3119807022246022
2024-11-13,GBP,7.344,7.3641,-0.27294577748807614
2024-11-14,GBP,7.3572,7.344,0.17973856209150263
2024-11-18,GBP,7.281,7.3572,-1.0357201109117642
2024-11-19,GBP,7.3143,7.281,0.4573547589616922
2024-11-21,GBP,7.3414,7.3143,0.3705070888533335
2024-11-22,GBP,7.2829,7.3414,-0.7968507369166655
2024-11-25,GBP,7.2816,7.2829,-0.01785003226736359
2024-11-26,GBP,7.2864,7.2816,0.06591957811470373
2024-11-27,GBP,7.3907,7.2864,1.4314339042599933
2024-11-28,GBP,7.5934,7.3907,2.74263601553304
2024-11-29,GBP,7.6946,7.5934,1.3327363236494971
2024-12-02,GBP,7.6587,7.6946,-0.4665609648324853
2024-12-03,GBP,7.6879,7.6587,0.381265750062032
2024-12-04,GBP,7.6998,7.6879,0.15478869392160366
2024-12-05,GBP,7.6361,7.6998,-0.82729421543416
2024-12-06,GBP,7.6843,7.6361,0.6312122680425913
2024-12-09,GBP,7.7524,7.6843,0.8862225576825367
2024-12-10,GBP,7.7108,7.7524,-0.5366080181621102
2024-12-11,GBP,7.6872,7.7108,-0.30606422161124636
2024-12-12,GBP,7.5401,7.6872,-1.9135706108856287
2024-12-13,GBP,7.6201,7.5401,1.060993886022743
2024-12-16,GBP,7.6804,7.6201,0.7913281977926845
2024-12-17,GBP,7.8408,7.6804,2.088432894120107
2024-12-18,GBP,7.8219,7.8408,-0.24104683195591559
2024-12-19,GBP,7.7629,7.8219,-0.7542924353417968
2024-12-20,GBP,7.6236,7.7629,-1.7944324930116329
2024-12-23,GBP,7.7138,7.6236,1.1831680570858927
2024-12-24,GBP,7.7339,7.7138,0.2605719619383384
2024-12-26,GBP,7.7144,7.7339,-0.25213669687996765
2024-12-27,GBP,7.7966,7.7144,1.0655397697811875
2024-12-30,GBP,7.7484,7.7966,-0.6182181976759016
2024-12-31,GBP,7.762,7.7484,0.17552010737700297
2025-01-02,GBP,7.6844,7.762,-0.9997423344498824
2025-01-03,GBP,7.6375,7.6844,-0.6103274165842443
2025-01-06,GBP,7.6466,7.6375,0.11914893617022138
2025-01-07,GBP,7.5932,7.6466,-0.6983495932832873
2025-01-08,GBP,7.5701,7.5932,-0.30421956487384216
2025-01-09,GBP,7.4933,7.5701,-1.0145176417748814
2025-01-10,GBP,7.4578,7.4933,-0.47375655585656373
2025-01-13,GBP,7.4223,7.4578,-0.476011692456213
2025-01-14,GBP,7.4037,7.4223,-0.2505961763873743
2025-01-15,GBP,7.4034,7.4037,-0.004052028040024691
2025-01-16,GBP,7.3804,7.4034,-0.3106680714266452
2025-01-17,GBP,7.3943,7.3804,0.18833667551894084
2025-01-20,GBP,7.4376,7.3943,0.5855861947716479
2025-01-21,GBP,7.4353,7.4376,-0.030923953963646333
2025-01-22,GBP,7.3518,7.4353,-1.1230212634325443
2025-01-23,GBP,7.3209,7.3518,-0.4203052313719091
2025-01-24,GBP,7.3568,7.3209,0.4903768662323005
2025-01-27,GBP,7.3948,7.3568,0.5165289256198413
2025-01-28,GBP,7.3268,7.3948,-0.9195650997998572
2025-01-29,GBP,7.2882,7.3268,-0.5268329966697682
2025-01-30,GBP,7.3569,7.2882,0.9426195768502676
2025-01-31,GBP,7.2456,7.3569,-1.5128654732292302
2025-02-03,GBP,7.2848,7.2456,0.5410179971292894
2025-02-04,GBP,7.2276,7.2848,-0.7851965736876743
2025-02-05,GBP,7.2606,7.2276,0.4565830981238639
2025-02-06,GBP,7.1846,7.2606,-1.0467454480346028
2025-02-07,GBP,7.1515,7.1846,-0.46070762464158754
2025-02-10,GBP,7.1636,7.1515,0.16919527371879184
2025-02-11,GBP,7.1698,7.1636,0.08654866268358319
2025-02-12,GBP,7.1764,7.1698,0.09205277692543312
2025-02-13,GBP,7.2374,7.1764,0.8500083607379638
2025-02-14,GBP,7.2291,7.2374,-0.11468206814602144
2025-02-17,GBP,7.2004,7.2291,-0.39700654299981153
2025-02-18,GBP,7.1885,7.2004,-0.16526859618909429
2025-02-19,GBP,7.1884,7.1885,-0.0013911108019848406
2025-02-20,GBP,7.2078,7.1884,0.269879249902627
2025-02-21,GBP,7.2088,7.2078,0.013873858875101952
2025-02-24,GBP,7.2271,7.2088,0.25385639773609636
2025-02-25,GBP,7.3114,7.2271,1.1664429715930291
2025-02-26,GBP,7.334,7.3114,0.3091063271056127
2025-02-27,GBP,7.3542,7.334,0.27542950640850883
2025-02-28,GBP,7.3654,7.3542,0.1522939272796675
2025-03-05,GBP,7.4587,7.3654,1.2667336465093548
2025-03-06,GBP,7.4121,7.4587,-0.6247737541394738
2025-03-07,GBP,7.4556,7.4121,0.5868782126522865
2025-03-10,GBP,7.4764,7.4556,0.27898492408391373
2025-03-11,GBP,7.5529,7.4764,1.023219731421543
2025-03-12,GBP,7.5568,7.5529,0.0516357955222535
2025-03-13,GBP,7.5251,7.5568,-0.4194897311031065
2025-03-14,GBP,7.4168,7.5251,-1.4391835324447544
2025-03-17,GBP,7.4127,7.4168,-0.05527990508036318
2025-03-18,GBP,7.3834,7.4127,-0.3952675813131523
2025-03-19,GBP,7.3484,7.3834,-0.4740363518162427
2025-03-20,GBP,7.3469,7.3484,-0.02041260682598134
2025-03-21,GBP,7.3807,7.3469,0.46005798363937256
2025-03-24,GBP,7.4142,7.3807,0.4538864877315252
2025-03-25,GBP,7.3799,7.4142,-0.4626257721669247
2025-03-26,GBP,7.3851,7.3799,0.0704616593720786
2025-03-27,GBP,7.4515,7.3851,0.899107662726295
2025-03-28,GBP,7.4635,7.4515,0.16104140106019127
2025-03-31,GBP,7.4046,7.4635,-0.789173980036173
2025-04-01,GBP,7.3716,7.4046,-0.4456689085163279
2025-04-02,GBP,7.3858,7.3716,0.19263117911987315
2025-04-03,GBP,7.3515,7.3858,-0.4644046684177727
2025-04-04,GBP,7.4683,7.3515,1.5887914031150085
2025-04-07,GBP,7.4945,7.4683,0.35081611611746943
2025-04-08,GBP,7.5801,7.4945,1.1421709253452539
2025-04-09,GBP,7.7411,7.5801,2.1239825332119766
2025-04-10,GBP,7.6489,7.7411,-1.191045200294527
2025-04-11,GBP,7.6646,7.6489,0.205258272431319
2025-04-14,GBP,7.6963,7.6646,0.4135897502805186
2025-04-15,GBP,7.7628,7.6963,0.8640515572418073
2025-04-16,GBP,7.7903,7.7628,0.3542536198279045
2025-04-17,GBP,7.7667,7.7903,-0.30294083668152005
2025-04-22,GBP,7.6907,7.7667,-0.9785365728044115
2025-04-23,GBP,7.5406,7.6907,-1.9517079069525378
2025-04-24,GBP,7.5501,7.5406,0.1259846696549216
2025-04-25,GBP,7.5781,7.5501,0.3708560151521212
2025-04-28,GBP,7.5936,7.5781,0.20453675723466347
2025-04-29,GBP,7.5654,7.5936,-0.3713653603034106
2025-04-30,GBP,7.5538,7.5654,-0.15332963227324692
2025-05-02,GBP,7.4914,7.5538,-0.826074293732959
2025-05-05,GBP,7.5092,7.4914,0.2376057879702076
2025-05-06,GBP,7.6478,7.5092,1.8457358972993276
2025-05-07,GBP,7.6561,7.6478,0.10852794267632859
2025-05-08,GBP,7.5539,7.6561,-1.3348832956727397
2025-05-09,GBP,7.5261,7.5539,-0.36802181654509436
2025-05-12,GBP,7.496,7.5261,-0.39994153678530875
2025-05-13,GBP,7.4699,7.496,-0.3481856990394938
2025-05-14,GBP,7.463,7.4699,-0.09237071446739353
2025-05-15,GBP,7.4866,7.463,0.3162267184778189
2025-05-16,GBP,7.5471,7.4866,0.8081104907434744
2025-05-19,GBP,7.5583,7.5471,0.14840137271270315
2025-05-20,GBP,7.5695,7.5583,0.14818146937802812
2025-05-21,GBP,7.6065,7.5695,0.48880375189905845
2025-05-22,GBP,7.5715,7.6065,-0.46013278117398304
2025-05-23,GBP,7.6915,7.5715,1.5848907085782127
2025-05-26,GBP,7.6809,7.6915,-0.13781447051939288
2025-05-27,GBP,7.6356,7.6809,-0.5897746357848677
2025-05-28,GBP,7.6647,7.6356,0.3811095395253705
2025-05-29,GBP,7.6292,7.6647,-0.46316228945686433
2025-05-30,GBP,7.6879,7.6292,0.7694122581660023
2025-06-02,GBP,7.715,7.6879,0.35250198363663277
2025-06-03,GBP,7.6656,7.715,-0.6403110823071878
2025-06-04,GBP,7.6431,7.6656,-0.2935190983093361
2025-06-05,GBP,7.6028,7.6431,-0.5272729651581098
2025-06-06,GBP,7.5702,7.6028,-0.4287893933813902
2025-06-09,GBP,7.5638,7.5702,-0.08454202002589062
2025-06-10,GBP,7.5052,7.5638,-0.7747428541209356
2025-06-11,GBP,7.5087,7.5052,0.04663433352876112
2025-06-12,GBP,7.5261,7.5087,0.2317311918174747
2025-06-13,GBP,7.5659,7.5261,0.5288263509653168
2025-06-16,GBP,7.4967,7.5659,-0.9146301167078597
2025-06-17,GBP,7.4031,7.4967,-1.2485493617191534
2025-06-18,GBP,7.3928,7.4031,-0.13913090462103206
2025-06-20,GBP,7.4011,7.3928,0.11227139919920415
2025-06-23,GBP,7.4482,7.4011,0.636391887692378
2025-06-24,GBP,7.4804,7.4482,0.43231921806612394
2025-06-25,GBP,7.5525,7.4804,0.9638522004170813
2025-06-26,GBP,7.5857,7.5525,0.43958953988745275
2025-06-27,GBP,7.5124,7.5857,-0.9662918385910269
2025-06-30,GBP,7.4893,7.5124,-0.30749161386508517
2025-07-01,GBP,7.4822,7.4893,-0.09480191740216526
2025-07-02,GBP,7.4262,7.4822,-0.7484429713185969
2025-07-03,GBP,7.4016,7.4262,-0.33125959440897246
2025-07-04,GBP,7.3817,7.4016,-0.26886078685689485
2025-07-07,GBP,7.4414,7.3817,0.8087567904412118
2025-07-08,GBP,7.4075,7.4414,-0.4555594377402161
2025-07-09,GBP,7.4209,7.4075,0.18089773877827398
2025-07-10,GBP,7.5211,7.4209,1.3502405368621018
2025-07-11,GBP,7.5247,7.5211,0.04786533884670874
2025-07-14,GBP,7.4692,7.5247,-0.7375709330604607
2025-07-15,GBP,7.4466,7.4692,-0.3025759117442295
2025-07-16,GBP,7.4801,7.4466,0.4498697392098405
2025-07-17,GBP,7.4766,7.4801,-0.04679081830456511
2025-07-18,GBP,7.4541,7.4766,-0.3009389294599152
2025-07-21,GBP,7.5077,7.4541,0.7190673589031471
2025-07-22,GBP,7.533,7.5077,0.3369873596441142
2025-07-23,GBP,7.5353,7.533,0.030532324439125347
2025-07-24,GBP,7.4711,7.5353,-0.8519899672209563
2025-07-25,GBP,7.4432,7.4711,-0.3734389848884301
2025-07-28,GBP,7.4836,7.4432,0.5427773000859837
2025-07-29,GBP,7.4389,7.4836,-0.5973061093591303
2025-07-30,GBP,7.4385,7.4389,-0.005377139093143413
2025-07-31,GBP,7.406,7.4385,-0.43691604490153635
2025-08-01,GBP,7.3508,7.406,-0.7453416149068359
2025-08-04,GBP,7.3245,7.3508,-0.3577841867551834
2025-08-05,GBP,7.3363,7.3245,0.1611031469724855
2025-08-06,GBP,7.3221,7.3363,-0.19355806060274983
2025-08-07,GBP,7.3401,7.3221,0.24583111402465274
2025-08-08,GBP,7.2939,7.3401,-0.6294192177218272
2025-08-11,GBP,7.3086,7.2939,0.20153827170650285
2025-08-12,GBP,7.3003,7.3086,-0.11356484141969991
2025-08-13,GBP,7.3196,7.3003,0.26437269701244936
2025-08-14,GBP,7.3201,7.3196,0.0068309743701755465
2025-08-15,GBP,7.3148,7.3201,-0.07240338246745637
2025-08-18,GBP,7.3228,7.3148,0.1093673101109971
2025-08-19,GBP,7.3845,7.3228,0.8425738788441661
2025-08-20,GBP,7.3617,7.3845,-0.3087548242941329
2025-08-21,GBP,7.3557,7.3617,-0.08150291372917007
2025-08-22,GBP,7.3587,7.3557,0.04078469758146408
2025-08-25,GBP,7.3092,7.3587,-0.6726731623792226
2025-08-26,GBP,7.3113,7.3092,0.028730914463959145
2025-08-27,GBP,7.3309,7.3113,0.2680781803509502
2025-08-28,GBP,7.3147,7.3309,-0.22098241689286757
2025-08-29,GBP,7.3311,7.3147,0.22420605082915657
2025-09-01,GBP,7.365,7.3311,0.462413553218477
2025-09-02,GBP,7.3222,7.365,-0.5811269517990603
2025-09-03,GBP,7.3277,7.3222,0.07511403676492279
2025-09-04,GBP,7.3365,7.3277,0.12009225268501122
2025-09-05,GBP,7.3089,7.3365,-0.3762011858515546
2025-09-08,GBP,7.3541,7.3089,0.6184241130676282
2025-09-09,GBP,7.3454,7.3541,-0.1183013557063406
2025-09-10,GBP,7.332,7.3454,-0.18242709723091943
2025-09-11,GBP,7.3075,7.332,-0.3341516639388975
2025-09-12,GBP,7.2722,7.3075,-0.48306534382484
2025-09-15,GBP,7.2421,7.2722,-0.4139050081130913
2025-09-16,GBP,7.2497,7.2421,0.10494193673105112
2025-09-17,GBP,7.2418,7.2497,-0.10897002634592257
2025-09-18,GBP,7.1829,7.2418,-0.8133337015658992
2025-09-19,GBP,7.1843,7.1829,0.019490734939919818
2025-09-22,GBP,7.2183,7.1843,0.47325417925196955
2025-09-23,GBP,7.1741,7.2183,-0.6123325436737215
2025-09-24,GBP,7.1436,7.1741,-0.4251404357340949
2025-09-25,GBP,7.1317,7.1436,-0.16658267540176075
2025-09-26,GBP,7.1638,7.1317,0.4501030609812551
2025-09-29,GBP,7.1508,7.1638,-0.18146793601161448
2025-09-30,GBP,7.1514,7.1508,0.008390669575430998
2025-10-01,GBP,7.1687,7.1514,0.2419106748329014
2025-10-02,GBP,7.1739,7.1687,0.07253755911111881
2025-10-03,GBP,7.2126,7.1739,0.5394555262827838
2025-10-06,GBP,7.1738,7.2126,-0.537947480797496
2025-10-07,GBP,7.1731,7.1738,-0.009757729515735836
2025-10-08,GBP,7.1544,7.1731,-0.2606962122373879
2025-10-09,GBP,7.127,7.1544,-0.38298110253830453
2025-10-10,GBP,7.2658,7.127,1.9475235021748194
2025-10-13,GBP,7.2842,7.2658,0.25324121225467344
2025-10-14,GBP,7.3242,7.2842,0.5491337415227449
2025-10-15,GBP,7.2965,7.3242,-0.3781983015209933
2025-10-16,GBP,7.2965,7.2965,0.0
2025-10-17,GBP,7.2997,7.2965,0.04385664359622954
2025-10-20,GBP,7.2161,7.2997,-1.1452525446251194
2025-10-21,GBP,7.2102,7.2161,-0.08176161638557833
2025-10-22,GBP,7.2072,7.2102,-0.04160772239327759
2025-10-23,GBP,7.1731,7.2072,-0.47313797313798256
2025-10-24,GBP,7.1539,7.1731,-0.26766669919560115
2025-10-27,GBP,7.1635,7.1539,0.1341925383357312
2025-10-28,GBP,7.13,7.1635,-0.4676484958470062
2025-10-29,GBP,7.0733,7.13,-0.7952314165497909
2025-10-30,GBP,7.0791,7.0733,0.08199850140671039
2025-10-31,GBP,7.075,7.0791,-0.05791696684607217
2025-11-03,GBP,7.0348,7.075,-0.5681978798586673
2025-11-04,GBP,7.0264,7.0348,-0.11940637971228352
2025-11-05,GBP,7.0174,7.0264,-0.12808835249913386
2025-11-06,GBP,7.0048,7.0174,-0.17955368085045276
2025-11-07,GBP,7.0451,7.0048,0.5753197807217836
2025-11-10,GBP,6.9922,7.0451,-0.7508764957204206
2025-11-11,GBP,6.947,6.9922,-0.6464345985526809
2025-11-12,GBP,6.9449,6.947,-0.03022887577371902
2025-11-13,GBP,6.9728,6.9449,0.40173364627280606
2025-11-14,GBP,6.959,6.9728,-0.1979118861863305
2025-11-17,GBP,6.9986,6.959,0.5690472769076083
2025-11-18,GBP,7.0148,6.9986,0.23147486640184844
2025-11-19,GBP,6.9787,7.0148,-0.5146262188515771
2025-11-21,GBP,7.0531,6.9787,1.0661011363147788
2025-11-24,GBP,7.0666,7.0531,0.19140519771447817
2025-11-25,GBP,7.0946,7.0666,0.3962301531146517
2025-11-26,GBP,7.1032,7.0946,0.1212189552617593
2025-11-27,GBP,7.0896,7.1032,-0.1914630025903863
2025-11-28,GBP,7.0694,7.0896,-0.2849243962988024
2025-12-01,GBP,7.0868,7.0694,0.24613121339860378
2025-12-02,GBP,7.0595,7.0868,-0.38522323192414776
2025-12-03,GBP,7.0817,7.0595,0.3144698633047671
2025-12-04,GBP,7.0823,7.0817,0.008472541903792319
2025-12-05,GBP,7.1269,7.0823,0.6297389266198827
2025-12-08,GBP,7.2238,7.1269,1.3596374300186564
2025-12-09,GBP,7.2573,7.2238,0.46374484343421063
2025-12-10,GBP,7.2807,7.2573,0.322433963044122
2025-12-11,GBP,7.2878,7.2807,0.09751809578748549
2025-12-12,GBP,7.2142,7.2878,-1.0099069678092154
2025-12-15,GBP,7.2249,7.2142,0.14831859388428903
2025-12-16,GBP,7.3129,7.2249,1.2180099378538145
2025-12-17,GBP,7.383,7.3129,0.9585800434847913
2025-12-18,GBP,7.4057,7.383,0.30746309088447443
2025-12-19,GBP,7.3716,7.4057,-0.4604561351391534
2025-12-22,GBP,7.4537,7.3716,1.1137337891366839
2025-12-23,GBP,7.5029,7.4537,0.6600748621490071
2025-12-24,GBP,7.4761,7.5029,-0.35719521784910446
2025-12-26,GBP,7.4869,7.4761,0.14446034697235266
2025-12-29,GBP,7.5264,7.4869,0.5275881873672672
2025-12-30,GBP,7.4156,7.5264,-1.472151360544205
2025-12-31,GBP,7.4112,7.4156,-0.05933437617995363
2026-01-02,GBP,7.3397,7.4112,-0.964756044905013
2026-01-05,GBP,7.339,7.3397,-0.009537174543905458
2026-01-06,GBP,7.2669,7.339,-0.9824226733887498
2026-01-07,GBP,7.2641,7.2669,-0.038530872861874954
2026-01-08,GBP,7.2404,7.2641,-0.3262620283311035
2026-01-09,GBP,7.208,7.2404,-0.4474890890006078
2026-01-12,GBP,7.2458,7.208,0.5244173140954489
2026-01-13,GBP,7.2286,7.2458,-0.23737889536007417
2026-01-14,GBP,7.2397,7.2286,0.15355670530945442
2026-01-15,GBP,7.2089,7.2397,-0.4254319930383832
2026-01-16,GBP,7.1976,7.2089,-0.1567506831832821
2026-01-19,GBP,7.2035,7.1976,0.0819717683672172
2026-01-20,GBP,7.2401,7.2035,0.5080863469147046
2026-01-21,GBP,7.1663,7.2401,-1.0193229375284885
2026-01-22,GBP,7.1603,7.1663,-0.08372521384814036
2026-01-23,GBP,7.1741,7.1603,0.19272935491529974
2026-01-26,GBP,7.2329,7.1741,0.8196150039726291
2026-01-27,GBP,7.2055,7.2329,-0.37882453787554393
2026-01-28,GBP,7.1495,7.2055,-0.7771840954826192
2026-01-29,GBP,7.1507,7.1495,0.0167843905168219
2026-01-30,GBP,7.1762,7.1507,0.3566084439285744
2026-02-02,GBP,7.1676,7.1762,-0.11984058415316357
2026-02-03,GBP,7.1589,7.1676,-0.12137954126905104
2026-02-04,GBP,7.1543,7.1589,-0.0642556817388118
2026-02-05,GBP,7.1141,7.1543,-0.5618998364619987
2026-02-06,GBP,7.1268,7.1141,0.17851871635203853
2026-02-09,GBP,7.1058,7.1268,-0.29466240107761665
2026-02-10,GBP,7.1144,7.1058,0.12102789270735936
2026-02-11,GBP,7.0678,7.1144,-0.6550095580793891
2026-02-12,GBP,7.0561,7.0678,-0.16553948894988402
2026-02-13,GBP,7.119,7.0561,0.8914272756905373
2026-02-18,GBP,7.0755,7.119,-0.6110408765276021
2024-02-20,JPY,0.03298,,
2024-02-21,JPY,0.03282,0.03298,-0.4851425106124907
2024-02-22,JPY,0.03284,0.03282,0.06093845216330607
2024-02-23,JPY,0.03312,0.03284,0.8526187576126443
2024-02-26,JPY,0.03305,0.03312,-0.2113526570048152
2024-02-27,JPY,0.03295,0.03305,-0.3025718608169581
2024-02-28,JPY,0.03286,0.03295,-0.27314112291350057
2024-02-29,JPY,0.0333,0.03286,1.3390139987827343
2024-03-01,JPY,0.03304,0.0333,-0.7807807807807876
2024-03-04,JPY,0.03288,0.03304,-0.4842615012106588
2024-03-05,JPY,0.033,0.03288,0.36496350364965124
2024-03-06,JPY,0.03307,0.033,0.21212121212121904
2024-03-07,JPY,0.03332,0.03307,0.7559721802237629
2024-03-08,JPY,0.03384,0.03332,1.5606242496998712
2024-03-11,JPY,0.0339,0.03384,0.17730496453900457
2024-03-12,JPY,0.03373,0.0339,-0.5014749262536755
2024-03-13,JPY,0.03371,0.03373,-0.05929439667953229
2024-03-14,JPY,0.03359,0.03371,-0.3559774547611805
2024-03-15,JPY,0.03349,0.03359,-0.29770765108664277
2024-03-18,JPY,0.03361,0.03349,0.3583159151985704
2024-03-19,JPY,0.03341,0.03361,-0.5950609937518614
2024-03-20,JPY,0.03305,0.03341,-1.0775217000897896
2024-03-21,JPY,0.03286,0.03305,-0.5748865355521993
2024-03-22,JPY,0.03297,0.03286,0.3347534996956725
2024-03-25,JPY,0.03293,0.03297,-0.12132241431603852
2024-03-26,JPY,0.0329,0.03293,-0.09110233829335845
2024-03-27,JPY,0.03294,0.0329,0.12158054711246535
2024-03-28,JPY,0.03301,0.03294,0.2125075895567763
2024-04-01,JPY,0.03331,0.03301,0.9088155104513884
2024-04-02,JPY,0.03331,0.03331,0.0
2024-04-03,JPY,0.03344,0.03331,0.3902731912338586
2024-04-04,JPY,0.03313,0.03344,-0.9270334928229595
2024-04-05,JPY,0.03333,0.03313,0.6036824630244464
2024-04-08,JPY,0.03322,0.03333,-0.3300330033003229
2024-04-09,JPY,0.03301,0.03322,-0.6321493076460016
2024-04-10,JPY,0.03313,0.03301,0.36352620418056425
2024-04-11,JPY,0.03314,0.03313,0.030184123151233422
2024-04-12,JPY,0.03354,0.03314,1.2070006035002967
2024-04-15,JPY,0.03355,0.03354,0.029815146094214207
2024-04-16,JPY,0.03405,0.03355,1.4903129657227732
2024-04-17,JPY,0.03394,0.03405,-0.3230543318649026
2024-04-18,JPY,0.03397,0.03394,0.08839127872717345
2024-04-19,JPY,0.03382,0.03397,-0.44156608772445427
2024-04-22,JPY,0.03363,0.03382,-0.5617977528090012
2024-04-23,JPY,0.03335,0.03363,-0.8325899494499023
2024-04-24,JPY,0.03326,0.03335,-0.26986506746626837
2024-04-25,JPY,0.03323,0.03326,-0.09019843656041804
2024-04-26,JPY,0.03247,0.03323,-2.287089978934709
2024-04-29,JPY,0.03265,0.03247,0.5543578688019801
2024-04-30,JPY,0.03283,0.03265,0.5513016845329233
2024-05-02,JPY,0.03329,0.03283,1.401157477916537
2024-05-03,JPY,0.03315,0.03329,-0.4205467107239458
2024-05-06,JPY,0.03297,0.03315,-0.5429864253393646
2024-05-07,JPY,0.03274,0.03297,-0.6976038823172659
2024-05-08,JPY,0.03274,0.03274,0.0
2024-05-09,JPY,0.03313,0.03274,1.1912034208918731
2024-05-10,JPY,0.03302,0.03313,-0.3320253546634455
2024-05-13,JPY,0.03292,0.03302,-0.30284675953967666
2024-05-14,JPY,0.03281,0.03292,-0.3341433778857761
2024-05-15,JPY,0.03317,0.03281,1.0972264553489763
2024-05-16,JPY,0.03302,0.03317,-0.4522158577027313
2024-05-17,JPY,0.03289,0.03302,-0.3937007874015741
2024-05-20,JPY,0.03273,0.03289,-0.4864700516874487
2024-05-21,JPY,0.0327,0.03273,-0.09165902841430373
2024-05-22,JPY,0.03291,0.0327,0.6422018348623881
2024-05-23,JPY,0.03276,0.03291,-0.45578851412945154
2024-05-24,JPY,0.03283,0.03276,0.21367521367521292
2024-05-27,JPY,0.03296,0.03283,0.39597928723729137
2024-05-28,JPY,0.03285,0.03296,-0.3337378640776878
2024-05-29,JPY,0.03298,0.03285,0.39573820395739645
2024-05-31,JPY,0.03335,0.03298,1.1218920557913847
2024-06-03,JPY,0.03357,0.03335,0.6596701649175474
2024-06-04,JPY,0.03403,0.03357,1.3702710753648928
2024-06-05,JPY,0.03383,0.03403,-0.5877167205406986
2024-06-06,JPY,0.03378,0.03383,-0.14779781259237623
2024-06-07,JPY,0.03372,0.03378,-0.1776198934280604
2024-06-10,JPY,0.0342,0.03372,1.4234875444839812
2024-06-11,JPY,0.03402,0.0342,-0.5263157894736858
2024-06-12,JPY,0.03457,0.03402,1.616696061140499
2024-06-13,JPY,0.03443,0.03457,-0.4049754122070981
2024-06-14,JPY,0.0341,0.03443,-0.9584664536741339
2024-06-17,JPY,0.03431,0.0341,0.6158357771260947
2024-06-18,JPY,0.03427,0.03431,-0.11658408627222006
2024-06-19,JPY,0.0346,0.03427,0.9629413481178739
2024-06-20,JPY,0.03417,0.0346,-1.242774566473992
2024-06-21,JPY,0.03413,0.03417,-0.11706175007315522
2024-06-24,JPY,0.03381,0.03413,-0.9375915616759434
2024-06-25,JPY,0.034,0.03381,0.5619639160011847
2024-06-26,JPY,0.03429,0.034,0.8529411764705896
2024-06-27,JPY,0.03437,0.03429,0.2333041703120431
2024-06-28,JPY,0.03456,0.03437,0.5528076811172511
2024-07-01,JPY,0.0346,0.03456,0.11574074074074403
2024-07-02,JPY,0.03509,0.0346,1.4161849710982777
2024-07-03,JPY,0.0346,0.03509,-1.3964092333998424
2024-07-04,JPY,0.03403,0.0346,-1.6473988439306364
2024-07-05,JPY,0.0342,0.03403,0.49955921245961044
2024-07-08,JPY,0.03404,0.0342,-0.4678362573099393
2024-07-09,JPY,0.0337,0.03404,-0.9988249118683901
2024-07-10,JPY,0.03337,0.0337,-0.9792284866468992
2024-07-11,JPY,0.03412,0.03337,2.2475277195085352
2024-07-12,JPY,0.03454,0.03412,1.2309495896834832
2024-07-15,JPY,0.03456,0.03454,0.057903879559928484
2024-07-16,JPY,0.03423,0.03456,-0.9548611111111271
2024-07-17,JPY,0.03492,0.03423,2.0157756354075573
2024-07-18,JPY,0.03531,0.03492,1.1168384879725046
2024-07-19,JPY,0.03529,0.03531,-0.056641178136507264
2024-07-22,JPY,0.03539,0.03529,0.28336639274579856
2024-07-23,JPY,0.03577,0.03539,1.0737496467928986
2024-07-24,JPY,0.03674,0.03577,2.7117696393625934
2024-07-25,JPY,0.03663,0.03674,-0.29940119760478723
2024-07-26,JPY,0.0367,0.03663,0.19110019110020193
2024-07-29,JPY,0.03669,0.0367,-0.027247956403275708
2024-07-30,JPY,0.03677,0.03669,0.21804306350503566
2024-07-31,JPY,0.03765,0.03677,2.393255371226566
2024-08-01,JPY,0.03777,0.03765,0.31872509960158
2024-08-02,JPY,0.03903,0.03777,3.3359809372518034
2024-08-05,JPY,0.04004,0.03903,2.587753010504734
2024-08-06,JPY,0.03895,0.04004,-2.7222777222777217
2024-08-07,JPY,0.03805,0.03895,-2.310654685494218
2024-08-08,JPY,0.03819,0.03805,0.36793692509855536
2024-08-09,JPY,0.03762,0.03819,-1.4925373134328401
2024-08-12,JPY,0.03722,0.03762,-1.063264221158955
2024-08-13,JPY,0.03734,0.03722,0.3224073078989642
2024-08-14,JPY,0.03711,0.03734,-0.6159614354579568
2024-08-15,JPY,0.0367,0.03711,-1.104823497709495
2024-08-16,JPY,0.03688,0.0367,0.4904632152588517
2024-08-19,JPY,0.03704,0.03688,0.433839479392617
2024-08-20,JPY,0.03744,0.03704,1.0799136069114645
2024-08-21,JPY,0.03768,0.03744,0.6410256410256387
2024-08-22,JPY,0.03804,0.03768,0.9554140127388422
2024-08-23,JPY,0.03815,0.03804,0.28916929547846415
2024-08-26,JPY,0.03801,0.03815,-0.3669724770642202
2024-08-27,JPY,0.0381,0.03801,0.23677979479084232
2024-08-28,JPY,0.03829,0.0381,0.4986876640419746
2024-08-29,JPY,0.03887,0.03829,1.5147558109166903
2024-08-30,JPY,0.03875,0.03887,-0.308721378955501
2024-09-02,JPY,0.03827,0.03875,-1.2387096774193584
2024-09-03,JPY,0.03855,0.03827,0.7316435850535763
2024-09-04,JPY,0.03905,0.03855,1.2970168612191912
2024-09-05,JPY,0.03908,0.03905,0.07682458386681912
2024-09-06,JPY,0.03919,0.03908,0.2814738996929522
2024-09-09,JPY,0.03925,0.03919,0.15310028068384884
2024-09-10,JPY,0.03954,0.03925,0.7388535031846999
2024-09-11,JPY,0.03979,0.03954,0.632271117855332
2024-09-12,JPY,0.03976,0.03979,-0.0753958280975131
2024-09-13,JPY,0.03961,0.03976,-0.37726358148892913
2024-09-16,JPY,0.03921,0.03961,-1.009845998485226
2024-09-17,JPY,0.0388,0.03921,-1.045651619484822
2024-09-18,JPY,0.03859,0.0388,-0.541237113402071
2024-09-19,JPY,0.03793,0.03859,-1.710287639284791
2024-09-20,JPY,0.03806,0.03793,0.34273662008963424
2024-09-23,JPY,0.03862,0.03806,1.4713610089332807
2024-09-24,JPY,0.03805,0.03862,-1.475919212843091
2024-09-25,JPY,0.0379,0.03805,-0.3942181340341633
2024-09-26,JPY,0.03817,0.0379,0.7124010554089732
2024-09-27,JPY,0.03817,0.03817,0.0
2024-09-30,JPY,0.03803,0.03817,-0.3667801938695314
2024-10-01,JPY,0.03795,0.03803,-0.21036024191428693
2024-10-02,JPY,0.03719,0.03795,-2.002635046113299
2024-10-03,JPY,0.03736,0.03719,0.45711212691583736
2024-10-04,JPY,0.03678,0.03736,-1.5524625267665848
2024-10-07,JPY,0.03688,0.03678,0.2718868950516651
2024-10-08,JPY,0.03724,0.03688,0.9761388286334105
2024-10-09,JPY,0.03736,0.03724,0.32223415682059997
2024-10-10,JPY,0.03757,0.03736,0.5620985010706736
2024-10-11,JPY,0.03773,0.03757,0.4258717061485173
2024-10-14,JPY,0.03741,0.03773,-0.8481314603763557
2024-10-15,JPY,0.03778,0.03741,0.9890403635391731
2024-10-16,JPY,0.03791,0.03778,0.34409740603493777
2024-10-17,JPY,0.03781,0.03791,-0.2637826431020729
2024-10-18,JPY,0.03789,0.03781,0.21158423697433815
2024-10-21,JPY,0.03793,0.03789,0.10556875164950963
2024-10-22,JPY,0.0377,0.03793,-0.6063801740047503
2024-10-23,JPY,0.0374,0.0377,-0.7957559681697424
2024-10-24,JPY,0.03759,0.0374,0.5080213903743136
2024-10-25,JPY,0.03746,0.03759,-0.34583665868581637
2024-10-28,JPY,0.0372,0.03746,-0.6940736785905011
2024-10-29,JPY,0.03723,0.0372,0.08064516129033805
2024-10-30,JPY,0.03774,0.03723,1.3698630136986356
2024-10-31,JPY,0.03792,0.03774,0.4769475357710551
2024-11-01,JPY,0.03797,0.03792,0.13185654008436298
2024-11-04,JPY,0.03809,0.03797,0.3160389781406536
2024-11-05,JPY,0.03805,0.03809,-0.1050144394854291
2024-11-06,JPY,0.03735,0.03805,-1.8396846254927657
2024-11-07,JPY,0.03702,0.03735,-0.8835341365461935
2024-11-08,JPY,0.03782,0.03702,2.160994057266352
2024-11-11,JPY,0.03769,0.03782,-0.3437334743521925
2024-11-12,JPY,0.03734,0.03769,-0.9286282833642967
2024-11-13,JPY,0.03724,0.03734,-0.26780931976431166
2024-11-14,JPY,0.03712,0.03724,-0.3222341568206333
2024-11-18,JPY,0.03717,0.03712,0.1346982758620774
2024-11-19,JPY,0.03751,0.03717,0.9147161689534666
2024-11-21,JPY,0.0377,0.03751,0.5065315915755653
2024-11-22,JPY,0.03753,0.0377,-0.45092838196285623
2024-11-25,JPY,0.03757,0.03753,0.10658140154542473
2024-11-26,JPY,0.03779,0.03757,0.5855735959542141
2024-11-27,JPY,0.03858,0.03779,2.090500132310158
2024-11-28,JPY,0.03951,0.03858,2.4105754276827485
2024-11-29,JPY,0.04031,0.03951,2.024803847127288
2024-12-02,JPY,0.04046,0.04031,0.37211610022327424
2024-12-03,JPY,0.0407,0.04046,0.5931784478497182
2024-12-04,JPY,0.04028,0.0407,-1.0319410319410194
2024-12-05,JPY,0.03984,0.04028,-1.0923535253227534
2024-12-06,JPY,0.04023,0.03984,0.9789156626506035
2024-12-09,JPY,0.04011,0.04023,-0.2982848620432521
2024-12-10,JPY,0.03979,0.04011,-0.7978060334081327
2024-12-11,JPY,0.03956,0.03979,-0.5780346820809301
2024-12-12,JPY,0.03901,0.03956,-1.3902932254802658
2024-12-13,JPY,0.03931,0.03901,0.7690335811330273
2024-12-16,JPY,0.03924,0.03931,-0.17807173747138583
2024-12-17,JPY,0.04018,0.03924,2.3955147808358834
2024-12-18,JPY,0.04001,0.04018,-0.4230960676953832
2024-12-19,JPY,0.03922,0.04001,-1.9745063734066481
2024-12-20,JPY,0.03884,0.03922,-0.9688934217236045
2024-12-23,JPY,0.03922,0.03884,0.9783728115345003
2024-12-24,JPY,0.03915,0.03922,-0.1784803671596169
2024-12-26,JPY,0.03901,0.03915,-0.3575989782886202
2024-12-27,JPY,0.03935,0.03901,0.8715713919507762
2024-12-30,JPY,0.0394,0.03935,0.12706480304953693
2024-12-31,JPY,0.03947,0.0394,0.17766497461928488
2025-01-02,JPY,0.03952,0.03947,0.1266784899923934
2025-01-03,JPY,0.03911,0.03952,-1.0374493927125528
2025-01-06,JPY,0.03881,0.03911,-0.7670672462285921
2025-01-07,JPY,0.03846,0.03881,-0.901829425405809
2025-01-08,JPY,0.03872,0.03846,0.6760270410816283
2025-01-09,JPY,0.03855,0.03872,-0.4390495867768518
2025-01-10,JPY,0.0387,0.03855,0.3891050583657574
2025-01-13,JPY,0.03878,0.0387,0.20671834625323182
2025-01-14,JPY,0.03841,0.03878,-0.9541000515729814
2025-01-15,JPY,0.03864,0.03841,0.5988023952095745
2025-01-16,JPY,0.03881,0.03864,0.43995859213250554
2025-01-17,JPY,0.03883,0.03881,0.051533110023216366
2025-01-20,JPY,0.03886,0.03883,0.07725985063093965
2025-01-21,JPY,0.03892,0.03886,0.15440041173444552
2025-01-22,JPY,0.03816,0.03892,-1.9527235354573569
2025-01-23,JPY,0.03804,0.03816,-0.3144654088050314
2025-01-24,JPY,0.03784,0.03804,-0.525762355415349
2025-01-27,JPY,0.0384,0.03784,1.4799154334038
2025-01-28,JPY,0.03785,0.0384,-1.4322916666666519
2025-01-29,JPY,0.03781,0.03785,-0.10568031704094594
2025-01-30,JPY,0.03828,0.03781,1.2430573922242782
2025-01-31,JPY,0.03765,0.03828,-1.6457680250783646
2025-02-03,JPY,0.03792,0.03765,0.7171314741035939
2025-02-04,JPY,0.03746,0.03792,-1.2130801687763815
2025-02-05,JPY,0.03812,0.03746,1.7618793379605036
2025-02-06,JPY,0.03814,0.03812,0.052465897166831255
2025-02-07,JPY,0.03802,0.03814,-0.3146303093864766
2025-02-10,JPY,0.03813,0.03802,0.28932140978432663
2025-02-11,JPY,0.0379,0.03813,-0.6031995803828849
2025-02-12,JPY,0.03737,0.0379,-1.398416886543541
2025-02-13,JPY,0.03774,0.03737,0.990099009900991
2025-02-14,JPY,0.03765,0.03774,-0.23847376788552754
2025-02-17,JPY,0.03773,0.03765,0.21248339973438668
2025-02-18,JPY,0.03757,0.03773,-0.4240657301881834
2025-02-19,JPY,0.0377,0.03757,0.34602076124568004
2025-02-20,JPY,0.03814,0.0377,1.1671087533156488
2025-02-21,JPY,0.03814,0.03814,0.0
2025-02-24,JPY,0.03835,0.03814,0.5506030414263341
2025-02-25,JPY,0.03876,0.03835,1.0691003911342811
2025-02-26,JPY,0.03864,0.03876,-0.3095975232198178
2025-02-27,JPY,0.03884,0.03864,0.5175983436852993
2025-02-28,JPY,0.03882,0.03884,-0.0514933058702316
2025-03-05,JPY,0.03888,0.03882,0.1545595054095683
2025-03-06,JPY,0.03878,0.03888,-0.2572016460905213
2025-03-07,JPY,0.03911,0.03878,0.8509541000515597
2025-03-10,JPY,0.03937,0.03911,0.6647916133981191
2025-03-11,JPY,0.03956,0.03937,0.4826009652019181
2025-03-12,JPY,0.03929,0.03956,-0.6825075834175909
2025-03-13,JPY,0.03935,0.03929,0.15271061338764103
2025-03-14,JPY,0.03866,0.03935,-1.7534942820838673
2025-03-17,JPY,0.03843,0.03866,-0.5949301603724755
2025-03-18,JPY,0.03804,0.03843,-1.014832162373147
2025-03-19,JPY,0.03777,0.03804,-0.7097791798107211
2025-03-20,JPY,0.03805,0.03777,0.741329097167065
2025-03-21,JPY,0.03842,0.03805,0.9724047306176153
2025-03-24,JPY,0.03809,0.03842,-0.8589276418532132
2025-03-25,JPY,0.03806,0.03809,-0.07876082961407738
2025-03-26,JPY,0.03803,0.03806,-0.07882291119284401
2025-03-27,JPY,0.03807,0.03803,0.10518012095712681
2025-03-28,JPY,0.03838,0.03807,0.8142894667717337
2025-03-31,JPY,0.03831,0.03838,-0.18238665971860302
2025-04-01,JPY,0.03819,0.03831,-0.3132341425215235
2025-04-02,JPY,0.03796,0.03819,-0.6022518984027281
2025-04-03,JPY,0.03839,0.03796,1.132771338250782
2025-04-04,JPY,0.0396,0.03839,3.151862464183397
2025-04-07,JPY,0.0398,0.0396,0.5050505050504972
2025-04-08,JPY,0.04038,0.0398,1.457286432160787
2025-04-09,JPY,0.04177,0.04038,3.4422981674096187
2025-04-10,JPY,0.04095,0.04177,-1.9631314340435746
2025-04-11,JPY,0.04091,0.04095,-0.09768009768009733
2025-04-14,JPY,0.04087,0.04091,-0.0977756049865719
2025-04-15,JPY,0.04103,0.04087,0.3914851969659905
2025-04-16,JPY,0.04125,0.04103,0.5361930294906392
2025-04-17,JPY,0.04114,0.04125,-0.2666666666666595
2025-04-22,JPY,0.04081,0.04114,-0.8021390374331694
2025-04-23,JPY,0.03987,0.04081,-2.303357020338148
2025-04-24,JPY,0.03978,0.03987,-0.22573363431150906
2025-04-25,JPY,0.03955,0.03978,-0.5781799899446938
2025-04-28,JPY,0.03973,0.03955,0.4551201011377959
2025-04-29,JPY,0.03968,0.03973,-0.12584948401711538
2025-04-30,JPY,0.03969,0.03968,0.02520161290322509
2025-05-02,JPY,0.03903,0.03969,-1.6628873771730945
2025-05-05,JPY,0.03925,0.03903,0.5636689725851962
2025-05-06,JPY,0.04007,0.03925,2.089171974522297
2025-05-07,JPY,0.03999,0.04007,-0.1996506114300023
2025-05-08,JPY,0.03909,0.03999,-2.2505626406601587
2025-05-09,JPY,0.03894,0.03909,-0.38372985418264616
2025-05-12,JPY,0.03837,0.03894,-1.4637904468412954
2025-05-13,JPY,0.03808,0.03837,-0.7557988011467232
2025-05-14,JPY,0.03828,0.03808,0.5252100840336116
2025-05-15,JPY,0.03868,0.03828,1.0449320794148287
2025-05-16,JPY,0.03898,0.03868,0.7755946225439514
2025-05-19,JPY,0.03904,0.03898,0.15392508978961938
2025-05-20,JPY,0.03912,0.03904,0.2049180327869049
2025-05-21,JPY,0.03937,0.03912,0.6390593047034709
2025-05-22,JPY,0.0392,0.03937,-0.43180086360173897
2025-05-23,JPY,0.03992,0.0392,1.8367346938775508
2025-05-26,JPY,0.03964,0.03992,-0.7014028056112065
2025-05-27,JPY,0.03916,0.03964,-1.2108980827447047
2025-05-28,JPY,0.03926,0.03916,0.25536261491319046
2025-05-29,JPY,0.03926,0.03926,0.0
2025-05-30,JPY,0.03959,0.03926,0.8405501782985159
2025-06-02,JPY,0.03989,0.03959,0.7577671129073149
2025-06-03,JPY,0.03939,0.03989,-1.253446979192785
2025-06-04,JPY,0.03942,0.03939,0.07616146230007281
2025-06-05,JPY,0.0389,0.03942,-1.3191273465246067
2025-06-06,JPY,0.03862,0.0389,-0.7197943444730015
2025-06-09,JPY,0.03863,0.03862,0.02589331952356222
2025-06-10,JPY,0.03834,0.03863,-0.7507118819570224
2025-06-11,JPY,0.03834,0.03834,0.0
2025-06-12,JPY,0.03857,0.03834,0.5998956703182179
2025-06-13,JPY,0.03864,0.03857,0.1814882032667997
2025-06-16,JPY,0.03825,0.03864,-1.0093167701863415
2025-06-17,JPY,0.03776,0.03825,-1.2810457516339802
2025-06-18,JPY,0.03796,0.03776,0.5296610169491567
2025-06-20,JPY,0.03766,0.03796,-0.7903055848261342
2025-06-23,JPY,0.0377,0.03766,0.10621348911310502
2025-06-24,JPY,0.03792,0.0377,0.5835543766578466
2025-06-25,JPY,0.03807,0.03792,0.39556962025315556
2025-06-26,JPY,0.0382,0.03807,0.3414762280010475
2025-06-27,JPY,0.03784,0.0382,-0.942408376963344
2025-06-30,JPY,0.03785,0.03784,0.026427061310796418
2025-07-01,JPY,0.03797,0.03785,0.3170409511228378
2025-07-02,JPY,0.03792,0.03797,-0.13168290755858347
2025-07-03,JPY,0.0374,0.03792,-1.371308016877637
2025-07-04,JPY,0.03742,0.0374,0.05347593582887278
2025-07-07,JPY,0.0374,0.03742,-0.05344735435596215
2025-07-08,JPY,0.03718,0.0374,-0.5882352941176561
2025-07-09,JPY,0.03728,0.03718,0.2689618074233513
2025-07-10,JPY,0.03785,0.03728,1.5289699570815385
2025-07-11,JPY,0.03784,0.03785,-0.026420079260247586
2025-07-14,JPY,0.03764,0.03784,-0.5285412262156397
2025-07-15,JPY,0.03736,0.03764,-0.7438894792773709
2025-07-16,JPY,0.03763,0.03736,0.7226980728051391
2025-07-17,JPY,0.03752,0.03763,-0.2923199574807356
2025-07-18,JPY,0.03734,0.03752,-0.47974413646055813
2025-07-21,JPY,0.03777,0.03734,1.1515800749866134
2025-07-22,JPY,0.03806,0.03777,0.7678051363515959
2025-07-23,JPY,0.0379,0.03806,-0.4203888596951977
2025-07-24,JPY,0.0376,0.0379,-0.79155672823219
2025-07-25,JPY,0.03751,0.0376,-0.2393617021276606
2025-07-28,JPY,0.03764,0.03751,0.3465742468675037
2025-07-29,JPY,0.03754,0.03764,-0.2656748140276388
2025-07-30,JPY,0.03759,0.03754,0.13319126265316505
2025-07-31,JPY,0.0372,0.03759,-1.0375099760574713
2025-08-01,JPY,0.03744,0.0372,0.6451612903225934
2025-08-04,JPY,0.03747,0.03744,0.08012820512821595
2025-08-05,JPY,0.03737,0.03747,-0.2668801708033186
2025-08-06,JPY,0.03722,0.03737,-0.40139149050039125
2025-08-07,JPY,0.03708,0.03722,-0.37614185921548415
2025-08-08,JPY,0.03674,0.03708,-0.9169363538295561
2025-08-11,JPY,0.03681,0.03674,0.19052803483941005
2025-08-12,JPY,0.03657,0.03681,-0.651996740016314
2025-08-13,JPY,0.03662,0.03657,0.13672409078480108
2025-08-14,JPY,0.03663,0.03662,0.027307482250149562
2025-08-15,JPY,0.03668,0.03663,0.13650013650012838
2025-08-18,JPY,0.03665,0.03668,-0.08178844056705437
2025-08-19,JPY,0.03704,0.03665,1.064120054570239
2025-08-20,JPY,0.03718,0.03704,0.37796976241901703
2025-08-21,JPY,0.03696,0.03718,-0.5917159763313529
2025-08-22,JPY,0.03705,0.03696,0.24350649350648457
2025-08-25,JPY,0.0367,0.03705,-0.944669365721984
2025-08-26,JPY,0.03681,0.0367,0.2997275204359662
2025-08-27,JPY,0.03684,0.03681,0.08149959250203231
2025-08-28,JPY,0.03682,0.03684,-0.05428881650380024
2025-08-29,JPY,0.03694,0.03682,0.32590983161326914
2025-09-01,JPY,0.03693,0.03694,-0.02707092582566739
2025-09-02,JPY,0.03689,0.03693,-0.10831302464120451
2025-09-03,JPY,0.03682,0.03689,-0.189753320683117
2025-09-04,JPY,0.03673,0.03682,-0.2444323737099352
2025-09-05,JPY,0.03676,0.03673,0.08167710318540689
2025-09-08,JPY,0.03678,0.03676,0.05440696409140244
2025-09-09,JPY,0.03687,0.03678,0.2446982055464897
2025-09-10,JPY,0.03672,0.03687,-0.40683482506101987
2025-09-11,JPY,0.0366,0.03672,-0.326797385620925
2025-09-12,JPY,0.03631,0.0366,-0.7923497267759538
2025-09-15,JPY,0.03613,0.03631,-0.49573120352519595
2025-09-16,JPY,0.03623,0.03613,0.2767783005812152
2025-09-17,JPY,0.03622,0.03623,-0.027601435274626773
2025-09-18,JPY,0.03581,0.03622,-1.1319712865820009
2025-09-19,JPY,0.03604,0.03581,0.6422786931024937
2025-09-22,JPY,0.03616,0.03604,0.33296337402883847
2025-09-23,JPY,0.0359,0.03616,-0.7190265486725522
2025-09-24,JPY,0.03572,0.0359,-0.5013927576601684
2025-09-25,JPY,0.03567,0.03572,-0.13997760358342992
2025-09-26,JPY,0.03575,0.03567,0.22427810484999533
2025-09-29,JPY,0.03583,0.03575,0.22377622377622863
2025-09-30,JPY,0.03595,0.03583,0.33491487580241674
2025-10-01,JPY,0.03616,0.03595,0.584144645340734
2025-10-02,JPY,0.03628,0.03616,0.33185840707965486
2025-10-03,JPY,0.03632,0.03628,0.11025358324145973
2025-10-06,JPY,0.03548,0.03632,-2.312775330396477
2025-10-07,JPY,0.0353,0.03548,-0.5073280721533235
2025-10-08,JPY,0.03499,0.0353,-0.8781869688385235
2025-10-09,JPY,0.03498,0.03499,-0.02857959416977529
2025-10-10,JPY,0.03584,0.03498,2.458547741566619
2025-10-13,JPY,0.03588,0.03584,0.11160714285716189
2025-10-14,JPY,0.03623,0.03588,0.9754738015607556
2025-10-15,JPY,0.03602,0.03623,-0.5796301407673066
2025-10-16,JPY,0.03606,0.03602,0.1110494169905607
2025-10-17,JPY,0.03617,0.03606,0.30504714364947283
2025-10-20,JPY,0.03571,0.03617,-1.2717721868952259
2025-10-21,JPY,0.0355,0.03571,-0.5880705684682241
2025-10-22,JPY,0.03551,0.0355,0.028169014084511446
2025-10-23,JPY,0.03526,0.03551,-0.7040270346381328
2025-10-24,JPY,0.0352,0.03526,-0.1701644923425949
2025-10-27,JPY,0.03511,0.0352,-0.2556818181818188
2025-10-28,JPY,0.03529,0.03511,0.5126744517231607
2025-10-29,JPY,0.03516,0.03529,-0.36837631056958475
2025-10-30,JPY,0.03493,0.03516,-0.654152445961298
2025-10-31,JPY,0.03495,0.03493,0.057257371886620945
2025-11-03,JPY,0.03473,0.03495,-0.629470672389143
2025-11-04,JPY,0.03511,0.03473,1.0941549093003378
2025-11-05,JPY,0.03487,0.03511,-0.683565935630881
2025-11-06,JPY,0.03493,0.03487,0.1720676799541243
2025-11-07,JPY,0.03498,0.03493,0.14314342971655236
2025-11-10,JPY,0.03453,0.03498,-1.2864493996569415
2025-11-11,JPY,0.03425,0.03453,-0.8108890819576997
2025-11-12,JPY,0.03418,0.03425,-0.20437956204379937
2025-11-13,JPY,0.03426,0.03418,0.2340550029256816
2025-11-14,JPY,0.03429,0.03426,0.08756567425569628
2025-11-17,JPY,0.03422,0.03429,-0.20414114902304048
2025-11-18,JPY,0.03437,0.03422,0.43834015195791665
2025-11-19,JPY,0.03409,0.03437,-0.8146639511201537
2025-11-21,JPY,0.03444,0.03409,1.0266940451745254
2025-11-24,JPY,0.03441,0.03444,-0.08710801393726486
2025-11-25,JPY,0.03448,0.03441,0.20342923568728022
2025-11-26,JPY,0.03433,0.03448,-0.4350348027842177
2025-11-27,JPY,0.03422,0.03433,-0.32041945819982764
2025-11-28,JPY,0.03419,0.03422,-0.08766803039158555
2025-12-01,JPY,0.03447,0.03419,0.8189529102076598
2025-12-02,JPY,0.0343,0.03447,-0.49318247751669597
2025-12-03,JPY,0.03422,0.0343,-0.23323615160348865
2025-12-04,JPY,0.03424,0.03422,0.058445353594382965
2025-12-05,JPY,0.0344,0.03424,0.4672897196261738
2025-12-08,JPY,0.03481,0.0344,1.191860465116279
2025-12-09,JPY,0.03479,0.03481,-0.05745475438092562
2025-12-10,JPY,0.03493,0.03479,0.4024144869215318
2025-12-11,JPY,0.03496,0.03493,0.08588605782993142
2025-12-12,JPY,0.03465,0.03496,-0.8867276887871811
2025-12-15,JPY,0.03476,0.03465,0.31746031746031633
2025-12-16,JPY,0.03522,0.03476,1.323360184119693
2025-12-17,JPY,0.03545,0.03522,0.653038046564447
2025-12-18,JPY,0.03555,0.03545,0.28208744710860323
2025-12-19,JPY,0.03503,0.03555,-1.4627285513361454
2025-12-22,JPY,0.03529,0.03503,0.7422209534684754
2025-12-23,JPY,0.03558,0.03529,0.8217625389628669
2025-12-24,JPY,0.03548,0.03558,-0.28105677346824676
2025-12-26,JPY,0.03543,0.03548,-0.14092446448702445
2025-12-29,JPY,0.03575,0.03543,0.9031893875246721
2025-12-30,JPY,0.0352,0.03575,-1.538461538461522
2025-12-31,JPY,0.03514,0.0352,-0.17045454545455696
2026-01-02,JPY,0.03472,0.03514,-1.195219123505964
2026-01-05,JPY,0.03471,0.03472,-0.028801843317982634
2026-01-06,JPY,0.03436,0.03471,-1.0083549409392045
2026-01-07,JPY,0.03439,0.03436,0.0873108265424749
2026-01-08,JPY,0.03434,0.03439,-0.14539110206454042
2026-01-09,JPY,0.03403,0.03434,-0.9027373325568022
2026-01-12,JPY,0.03403,0.03403,0.0
2026-01-13,JPY,0.03383,0.03403,-0.5877167205406986
2026-01-14,JPY,0.03402,0.03383,0.5616316878510386
2026-01-15,JPY,0.03397,0.03402,-0.14697236919459788
2026-01-16,JPY,0.03404,0.03397,0.20606417427142532
2026-01-19,JPY,0.03394,0.03404,-0.2937720329024729
2026-01-20,JPY,0.03406,0.03394,0.3535651149086716
2026-01-21,JPY,0.03373,0.03406,-0.9688784497944747
2026-01-22,JPY,0.03354,0.03373,-0.5632967684553902
2026-01-23,JPY,0.03344,0.03354,-0.29815146094216427
2026-01-26,JPY,0.03431,0.03344,2.6016746411483327
2026-01-27,JPY,0.03419,0.03431,-0.34975225881668237
2026-01-28,JPY,0.03378,0.03419,-1.1991810470897923
2026-01-29,JPY,0.034,0.03378,0.6512729425695918
2026-01-30,JPY,0.03392,0.034,-0.23529411764706687
2026-02-02,JPY,0.03378,0.03392,-0.4127358490566113
2026-02-03,JPY,0.03355,0.03378,-0.6808762581408945
2026-02-04,JPY,0.03343,0.03355,-0.3576751117734811
2026-02-05,JPY,0.03353,0.03343,0.29913251570443666
2026-02-06,JPY,0.03337,0.03353,-0.4771846107962996
2026-02-09,JPY,0.03333,0.03337,-0.11986814504044707
2026-02-10,JPY,0.03374,0.03333,1.2301230123012319
2026-02-11,JPY,0.03375,0.03374,0.029638411381149865
2026-02-12,JPY,0.03385,0.03375,0.2962962962962834
2026-02-13,JPY,0.03415,0.03385,0.8862629246676468
2026-02-18,JPY,0.03384,0.03415,-0.9077598828696853
2024-02-20,USD,4.9402,,
2024-02-21,USD,4.9297,4.9402,-0.21254200234807064
2024-02-22,USD,4.9413,4.9297,0.23530843661885292
2024-02-23,USD,4.9845,4.9413,0.8742638576892725
2024-02-26,USD,4.9813,4.9845,-0.0641990169525486
2024-02-27,USD,4.9569,4.9813,-0.4898319715736843
2024-02-28,USD,4.9551,4.9569,-0.03631301821703792
2024-02-29,USD,4.9827,4.9551,0.5570018768541685
2024-03-01,USD,4.959,4.9827,-0.47564573424048184
2024-03-04,USD,4.9469,4.959,-0.24400080661421963
2024-03-05,USD,4.9482,4.9469,0.026279083870694997
2024-03-06,USD,4.9392,4.9482,-0.18188432157149048
2024-03-07,USD,4.9358,4.9392,-0.06883705863296452
2024-03-08,USD,4.9745,4.9358,0.7840674257465707
2024-03-11,USD,4.9771,4.9745,0.052266559453206796
2024-03-12,USD,4.9807,4.9771,0.07233127724979305
2024-03-13,USD,4.9797,4.9807,-0.020077499146697875
2024-03-14,USD,4.9762,4.9797,-0.07028535855573281
2024-03-15,USD,4.9931,4.9762,0.3396165748964952
2024-03-18,USD,5.0118,4.9931,0.3745168332298654
2024-03-19,USD,5.0346,5.0118,0.45492637375792455
2024-03-20,USD,5.0114,5.0346,-0.4608111865888054
2024-03-21,USD,4.9801,5.0114,-0.624575966795704
2024-03-22,USD,4.9891,4.9801,0.1807192626654075
2024-03-25,USD,4.9863,4.9891,-0.05612234671583671
2024-03-26,USD,4.9864,4.9863,0.0020054950564452056
2024-03-27,USD,4.985,4.9864,-0.028076367720186735
2024-03-28,USD,4.9956,4.985,0.21263791374119823
2024-04-01,USD,5.0526,4.9956,1.1410040835935664
2024-04-02,USD,5.0469,5.0526,-0.11281320508252923
2024-04-03,USD,5.0718,5.0469,0.4933721690542736
2024-04-04,USD,5.0231,5.0718,-0.9602113648014332
2024-04-05,USD,5.0514,5.0231,0.5633971053731646
2024-04-08,USD,5.0415,5.0514,-0.19598527140990418
2024-04-09,USD,5.0074,5.0415,-0.6763859962312879
2024-04-10,USD,5.0648,5.0074,1.1463034708631303
2024-04-11,USD,5.0759,5.0648,0.2191596904122628
2024-04-12,USD,5.1358,5.0759,1.1800862901160336
2024-04-15,USD,5.174,5.1358,0.7437984345184834
2024-04-16,USD,5.2628,5.174,1.7162736760726771
2024-04-17,USD,5.2463,5.2628,-0.3135213194497388
2024-04-18,USD,5.2506,5.2463,0.08196252597070242
2024-04-19,USD,5.2263,5.2506,-0.4628042509427499
2024-04-22,USD,5.2037,5.2263,-0.4324282953523495
2024-04-23,USD,5.162,5.2037,-0.8013528835251971
2024-04-24,USD,5.1586,5.162,-0.06586594343277463
2024-04-25,USD,5.1673,5.1586,0.16865040902571682
2024-04-26,USD,5.1178,5.1673,-0.95794709035667
2024-04-29,USD,5.1149,5.1178,-0.056664973230691196
2024-04-30,USD,5.1712,5.1149,1.1007057811492027
2024-05-02,USD,5.1178,5.1712,-1.032642326732669
2024-05-03,USD,5.0662,5.1178,-1.0082457305873538
2024-05-06,USD,5.0721,5.0662,0.11645809482452307
2024-05-07,USD,5.0604,5.0721,-0.23067368545572897
2024-05-08,USD,5.0881,5.0604,0.5473875582957977
2024-05-09,USD,5.1571,5.0881,1.3561054224563218
2024-05-10,USD,5.1458,5.1571,-0.21911539431074267
2024-05-13,USD,5.1406,5.1458,-0.10105328617513454
2024-05-14,USD,5.135,5.1406,-0.10893669999610944
2024-05-15,USD,5.1417,5.135,0.1304771178189057
2024-05-16,USD,5.1264,5.1417,-0.297566952564321
2024-05-17,USD,5.1151,5.1264,-0.22042759051186245
2024-05-20,USD,5.1079,5.1151,-0.14075971144259514
2024-05-21,USD,5.1031,5.1079,-0.09397208246049171
2024-05-22,USD,5.1496,5.1031,0.9112108326311485
2024-05-23,USD,5.1437,5.1496,-0.11457200559267244
2024-05-24,USD,5.1502,5.1437,0.12636817854851934
2024-05-27,USD,5.1698,5.1502,0.3805677449419509
2024-05-28,USD,5.1532,5.1698,-0.3210955936399973
2024-05-29,USD,5.1966,5.1532,0.8421951408833284
2024-05-31,USD,5.241,5.1966,0.854404803140496
2024-06-03,USD,5.2367,5.241,-0.08204541118106423
2024-06-04,USD,5.2681,5.2367,0.5996142608894806
2024-06-05,USD,5.2835,5.2681,0.29232550634954446
2024-06-06,USD,5.2675,5.2835,-0.3028295637361622
2024-06-07,USD,5.2796,5.2675,0.22971048884670164
2024-06-10,USD,5.366,5.2796,1.6364876126979233
2024-06-11,USD,5.3519,5.366,-0.26276556093924874
2024-06-12,USD,5.3885,5.3519,0.6838692800687607
2024-06-13,USD,5.3968,5.3885,0.15403173424886063
2024-06-14,USD,5.3624,5.3968,-0.6374147643047667
2024-06-17,USD,5.4124,5.3624,0.9324183201551595
2024-06-18,USD,5.4068,5.4124,-0.10346611484739476
2024-06-19,USD,5.4641,5.4068,1.059776577642979
2024-06-20,USD,5.4248,5.4641,-0.7192401310371355
2024-06-21,USD,5.441,5.4248,0.298628520867128
2024-06-24,USD,5.3994,5.441,-0.764565337254175
2024-06-25,USD,5.4283,5.3994,0.5352446568137159
2024-06-26,USD,5.5091,5.4283,1.4884954774054382
2024-06-27,USD,5.5223,5.5091,0.23960356501062652
2024-06-28,USD,5.5583,5.5223,0.6519022870905111
2024-07-01,USD,5.5887,5.5583,0.5469298166705716
2024-07-02,USD,5.6671,5.5887,1.4028307119723582
2024-07-03,USD,5.5857,5.6671,-1.4363607488839025
2024-07-04,USD,5.4833,5.5857,-1.8332527704674528
2024-07-05,USD,5.4964,5.4833,0.23890722739956516
2024-07-08,USD,5.4714,5.4964,-0.45484317007497
2024-07-09,USD,5.4381,5.4714,-0.6086193661585693
2024-07-10,USD,5.3961,5.4381,-0.7723285706404903
2024-07-11,USD,5.4094,5.3961,0.2464743055169416
2024-07-12,USD,5.4523,5.4094,0.7930639257588634
2024-07-15,USD,5.4557,5.4523,0.06235900445683562
2024-07-16,USD,5.4268,5.4557,-0.5297212090107584
2024-07-17,USD,5.4664,5.4268,0.729711800692856
2024-07-18,USD,5.542,5.4664,1.3829942924044936
2024-07-19,USD,5.5537,5.542,0.21111512089497797
2024-07-22,USD,5.5592,5.5537,0.09903307704772768
2024-07-23,USD,5.5801,5.5592,0.37595337458626865
2024-07-24,USD,5.634,5.5801,0.9659325101700755
2024-07-25,USD,5.6396,5.634,0.0993965211217418
2024-07-26,USD,5.6459,5.6396,0.11171005035819359
2024-07-29,USD,5.6473,5.6459,0.0247967551674666
2024-07-30,USD,5.6526,5.6473,0.09385015848279998
2024-07-31,USD,5.6615,5.6526,0.15744966917878855
2024-08-01,USD,5.6675,5.6615,0.10597898083546387
2024-08-02,USD,5.736,5.6675,1.2086457873841994
2024-08-05,USD,5.764,5.736,0.4881450488145145
2024-08-06,USD,5.6522,5.764,-1.9396252602359554
2024-08-07,USD,5.6087,5.6522,-0.7696118325607681
2024-08-08,USD,5.6166,5.6087,0.14085260399023802
2024-08-09,USD,5.5109,5.6166,-1.8819214471388346
2024-08-12,USD,5.4905,5.5109,-0.37017547043133314
2024-08-13,USD,5.4869,5.4905,-0.06556779892541442
2024-08-14,USD,5.4496,5.4869,-0.6798009805172311
2024-08-15,USD,5.4645,5.4496,0.27341456253668905
2024-08-16,USD,5.4626,5.4645,-0.03476987830542955
2024-08-19,USD,5.4231,5.4626,-0.723098890638163
2024-08-20,USD,5.4541,5.4231,0.5716287732109082
2024-08-21,USD,5.4701,5.4541,0.2933572908454085
2024-08-22,USD,5.5518,5.4701,1.4935741576936445
2024-08-23,USD,5.5257,5.5518,-0.4701177996325634
2024-08-26,USD,5.4915,5.5257,-0.6189261089092679
2024-08-27,USD,5.4963,5.4915,0.08740781207319248
2024-08-28,USD,5.5309,5.4963,0.6295144005967757
2024-08-29,USD,5.6352,5.5309,1.885769043012897
2024-08-30,USD,5.6556,5.6352,0.36201022146507
2024-09-02,USD,5.6224,5.6556,-0.5870287856284073
2024-09-03,USD,5.6218,5.6224,-0.01067159931701367
2024-09-04,USD,5.6353,5.6218,0.24013661104984596
2024-09-05,USD,5.6043,5.6353,-0.5501038099125055
2024-09-06,USD,5.5696,5.6043,-0.6191674250129342
2024-09-09,USD,5.6091,5.5696,0.7092071243895326
2024-09-10,USD,5.6248,5.6091,0.2799023016170077
2024-09-11,USD,5.6381,5.6248,0.23645285165694307
2024-09-12,USD,5.6548,5.6381,0.2961990741561893
2024-09-13,USD,5.5711,5.6548,-1.480158449458857
2024-09-16,USD,5.5201,5.5711,-0.9154386027893979
2024-09-17,USD,5.5004,5.5201,-0.3568775927972334
2024-09-18,USD,5.4761,5.5004,-0.4417860519234984
2024-09-19,USD,5.4183,5.4761,-1.0554956994941578
2024-09-20,USD,5.4769,5.4183,1.0815200339589826
2024-09-23,USD,5.544,5.4769,1.22514561156859
2024-09-24,USD,5.4696,5.544,-1.3419913419913332
2024-09-25,USD,5.473,5.4696,0.0621617668568053
2024-09-26,USD,5.4406,5.473,-0.5919970765576488
2024-09-27,USD,5.4425,5.4406,0.03492261882880321
2024-09-30,USD,5.4475,5.4425,0.09186954524575963
2024-10-01,USD,5.4515,5.4475,0.07342817806335056
2024-10-02,USD,5.4299,5.4515,-0.3962212235164686
2024-10-03,USD,5.4844,5.4299,1.0037017256303127
2024-10-04,USD,5.468,5.4844,-0.29902997593173053
2024-10-07,USD,5.462,5.468,-0.1097293343087058
2024-10-08,USD,5.5191,5.462,1.0454046136946227
2024-10-09,USD,5.5731,5.5191,0.9784203946295644
2024-10-10,USD,5.5813,5.5731,0.14713534657551097
2024-10-11,USD,5.6257,5.5813,0.795513590023833
2024-10-14,USD,5.6039,5.6257,-0.38750733242085555
2024-10-15,USD,5.6372,5.6039,0.594229019075998
2024-10-16,USD,5.6743,5.6372,0.6581281487263224
2024-10-17,USD,5.6752,5.6743,0.015860987258342618
2024-10-18,USD,5.6666,5.6752,-0.15153650972653532
2024-10-21,USD,5.7062,5.6666,0.6988317509617703
2024-10-22,USD,5.6952,5.7062,-0.19277277347446997
2024-10-23,USD,5.7143,5.6952,0.3353701362550865
2024-10-24,USD,5.7081,5.7143,-0.10849972875067726
2024-10-25,USD,5.6963,5.7081,-0.20672377849021428
2024-10-28,USD,5.6982,5.6963,0.033354984814715216
2024-10-29,USD,5.7134,5.6982,0.2667509037941773
2024-10-30,USD,5.7795,5.7134,1.1569293240452305
2024-10-31,USD,5.7773,5.7795,-0.038065576606960416
2024-11-01,USD,5.8067,5.7773,0.5088882349886692
2024-11-04,USD,5.7892,5.8067,-0.3013759966934759
2024-11-05,USD,5.784,5.7892,-0.08982242796933271
2024-11-06,USD,5.7642,5.784,-0.34232365145228094
2024-11-07,USD,5.6618,5.7642,-1.7764824260088075
2024-11-08,USD,5.7642,5.6618,1.8086121021583024
2024-11-11,USD,5.7974,5.7642,0.5759689115575339
2024-11-12,USD,5.7688,5.7974,-0.4933245937834174
2024-11-13,USD,5.7707,5.7688,0.03293579253917933
2024-11-14,USD,5.7879,5.7707,0.2980574280416537
2024-11-18,USD,5.7597,5.7879,-0.4872233452547503
2024-11-19,USD,5.7737,5.7597,0.24306821535844403
2024-11-21,USD,5.8167,5.7737,0.7447563953790537
2024-11-22,USD,5.8118,5.8167,-0.08424020492719952
2024-11-25,USD,5.7996,5.8118,-0.20991775353590425
2024-11-26,USD,5.7984,5.7996,-0.02069108214359794
2024-11-27,USD,5.8285,5.7984,0.5191087196467992
2024-11-28,USD,5.9865,5.8285,2.71081753452862
2024-11-29,USD,6.0529,5.9865,1.109162281800713
2024-12-02,USD,6.0628,6.0529,0.1635579639511553
2024-12-03,USD,6.0701,6.0628,0.1204064128785376
2024-12-04,USD,6.0575,6.0701,-0.20757483402250587
2024-12-05,USD,5.9843,6.0575,-1.2084193148988898
2024-12-06,USD,6.0287,5.9843,0.741941413364966
2024-12-09,USD,6.0564,6.0287,0.45946887388657043
2024-12-10,USD,6.0523,6.0564,-0.06769698170531191
2024-12-11,USD,6.0314,6.0523,-0.34532326553541326
2024-12-12,USD,5.9402,6.0314,-1.5120867460291065
2024-12-13,USD,6.0394,5.9402,1.6699774418369673
2024-12-16,USD,6.0504,6.0394,0.18213729840712567
2024-12-17,USD,6.1679,6.0504,1.9420203622900978
2024-12-18,USD,6.1618,6.1679,-0.09889913909110204
2024-12-19,USD,6.1835,6.1618,0.35216982050698675
2024-12-20,USD,6.0774,6.1835,-1.715856715452424
2024-12-23,USD,6.1606,6.0774,1.3690064830355064
2024-12-24,USD,6.1527,6.1606,-0.128234262896465
2024-12-26,USD,6.165,6.1527,0.19991223365352084
2024-12-27,USD,6.1985,6.165,0.5433901054338941
2024-12-30,USD,6.1917,6.1985,-0.10970396063564314
2024-12-31,USD,6.1917,6.1917,0.0
2025-01-02,USD,6.208,6.1917,0.2632556486909854
2025-01-03,USD,6.1557,6.208,-0.8424613402061798
2025-01-06,USD,6.1113,6.1557,-0.7212827135825384
2025-01-07,USD,6.0735,6.1113,-0.6185263364586913
2025-01-08,USD,6.1315,6.0735,0.9549683049312474
2025-01-09,USD,6.089,6.1315,-0.6931419717850384
2025-01-10,USD,6.0959,6.089,0.11331910001641798
2025-01-13,USD,6.1073,6.0959,0.1870109417805521
2025-01-14,USD,6.0665,6.1073,-0.6680529857711393
2025-01-15,USD,6.0371,6.0665,-0.48462869859061675
2025-01-16,USD,6.0316,6.0371,-0.09110334432094191
2025-01-17,USD,6.0603,6.0316,0.475827309503285
2025-01-20,USD,6.0492,6.0603,-0.1831592495420975
2025-01-21,USD,6.0434,6.0492,-0.09588044700125087
2025-01-22,USD,5.9668,6.0434,-1.2674984280371948
2025-01-23,USD,5.9393,5.9668,-0.4608835556747293
2025-01-24,USD,5.8919,5.9393,-0.7980738470863669
2025-01-27,USD,5.9266,5.8919,0.5889441436548459
2025-01-28,USD,5.8924,5.9266,-0.5770593594978446
2025-01-29,USD,5.859,5.8924,-0.5668318511981574
2025-01-30,USD,5.9,5.859,0.6997781191329544
2025-01-31,USD,5.8295,5.9,-1.1949152542372832
2025-02-03,USD,5.8681,5.8295,0.662149412471047
2025-02-04,USD,5.7921,5.8681,-1.2951381196639522
2025-02-05,USD,5.7991,5.7921,0.12085426701888835
2025-02-06,USD,5.785,5.7991,-0.24314117707919802
2025-02-07,USD,5.7551,5.785,-0.5168539325842825
2025-02-10,USD,5.7802,5.7551,0.4361349064308184
2025-02-11,USD,5.7782,5.7802,-0.0346008788623231
2025-02-12,USD,5.7705,5.7782,-0.1332594925755437
2025-02-13,USD,5.7782,5.7705,0.13343731045836194
2025-02-14,USD,5.7277,5.7782,-0.873974594164284
2025-02-17,USD,5.7099,5.7277,-0.31077046633027905
2025-02-18,USD,5.6973,5.7099,-0.22066936373666968
2025-02-19,USD,5.7081,5.6973,0.18956347743668278
2025-02-20,USD,5.7013,5.7081,-0.11912895709605964
2025-02-21,USD,5.7021,5.7013,0.014031887464271975
2025-02-24,USD,5.7252,5.7021,0.40511390540327596
2025-02-25,USD,5.7773,5.7252,0.9100118773143429
2025-02-26,USD,5.7751,5.7773,-0.03808007200595265
2025-02-27,USD,5.8222,5.7751,0.8155702931550879
2025-02-28,USD,5.8482,5.8222,0.446566589948838
2025-03-05,USD,5.7908,5.8482,-0.9814985807598986
2025-03-06,USD,5.7483,5.7908,-0.7339227740553955
2025-03-07,USD,5.7682,5.7483,0.3461893081432743
2025-03-10,USD,5.7924,5.7682,0.4195416247702921
2025-03-11,USD,5.8341,5.7924,0.7199088460741798
2025-03-12,USD,5.8262,5.8341,-0.1354107745839106
2025-03-13,USD,5.8125,5.8262,-0.23514469122241088
2025-03-14,USD,5.7413,5.8125,-1.2249462365591435
2025-03-17,USD,5.7076,5.7413,-0.5869750753313641
2025-03-18,USD,5.6846,5.7076,-0.4029714766276671
2025-03-19,USD,5.6651,5.6846,-0.34303205150757465
2025-03-20,USD,5.6622,5.6651,-0.05119062328995394
2025-03-21,USD,5.7235,5.6622,1.0826180636501537
2025-03-24,USD,5.7397,5.7235,0.2830435922075658
2025-03-25,USD,5.6986,5.7397,-0.7160652995801153
2025-03-26,USD,5.7292,5.6986,0.5369739936124551
2025-03-27,USD,5.7468,5.7292,0.30719821266496083
2025-03-28,USD,5.7654,5.7468,0.32365838379617706
2025-03-31,USD,5.7416,5.7654,-0.41280743747180715
2025-04-01,USD,5.7045,5.7416,-0.6461613487529605
2025-04-02,USD,5.6918,5.7045,-0.22263125602595135
2025-04-03,USD,5.6062,5.6918,-1.5039179170033945
2025-04-04,USD,5.7771,5.6062,3.0484106881666584
2025-04-07,USD,5.8871,5.7771,1.904069515847051
2025-04-08,USD,5.9362,5.8871,0.8340269402592027
2025-04-09,USD,6.0599,5.9362,2.0838246689801387
2025-04-10,USD,5.9109,6.0599,-2.458786448621264
2025-04-11,USD,5.8731,5.9109,-0.639496523372074
2025-04-14,USD,5.8419,5.8731,-0.5312356336517388
2025-04-15,USD,5.8701,5.8419,0.48271966312329884
2025-04-16,USD,5.8802,5.8701,0.17205839764229403
2025-04-17,USD,5.8553,5.8802,-0.4234549845243407
2025-04-22,USD,5.749,5.8553,-1.8154492511058384
2025-04-23,USD,5.6874,5.749,-1.0714906940337388
2025-04-24,USD,5.6732,5.6874,-0.2496747195555149
2025-04-25,USD,5.684,5.6732,0.19036875132201203
2025-04-28,USD,5.6675,5.684,-0.2902885292047852
2025-04-29,USD,5.6461,5.6675,-0.377591530657273
2025-04-30,USD,5.6602,5.6461,0.24972990205629486
2025-05-02,USD,5.6388,5.6602,-0.378078513126745
2025-05-05,USD,5.6514,5.6388,0.22345179825493666
2025-05-06,USD,5.7204,5.6514,1.2209364051385396
2025-05-07,USD,5.7368,5.7204,0.28669323823509174
2025-05-08,USD,5.6854,5.7368,-0.8959698786780157
2025-05-09,USD,5.6505,5.6854,-0.6138530270517362
2025-05-12,USD,5.6816,5.6505,0.5503937704627981
2025-05-13,USD,5.6256,5.6816,-0.9856378484933814
2025-05-14,USD,5.6094,5.6256,-0.2879692832764569
2025-05-15,USD,5.6322,5.6094,0.40646058401967444
2025-05-16,USD,5.6919,5.6322,1.0599765633322766
2025-05-19,USD,5.6585,5.6919,-0.5867987842372524
2025-05-20,USD,5.6614,5.6585,0.05125033135990886
2025-05-21,USD,5.6565,5.6614,-0.08655102978062379
2025-05-22,USD,5.6384,5.6565,-0.3199858569786995
2025-05-23,USD,5.6926,5.6384,0.961265607264461
2025-05-26,USD,5.6613,5.6926,-0.5498366300108914
2025-05-27,USD,5.6533,5.6613,-0.1413102997544713
2025-05-28,USD,5.693,5.6533,0.7022447066315163
2025-05-29,USD,5.6553,5.693,-0.6622167574213855
2025-05-30,USD,5.7081,5.6553,0.9336374728130981
2025-06-02,USD,5.6931,5.7081,-0.26278446418247503
2025-06-03,USD,5.6688,5.6931,-0.42683248142488805
2025-06-04,USD,5.6326,5.6688,-0.6385831216483173
2025-06-05,USD,5.5963,5.6326,-0.6444625927635506
2025-06-06,USD,5.5941,5.5963,-0.03931168807962404
2025-06-09,USD,5.5754,5.5941,-0.33428076008651386
2025-06-10,USD,5.5551,5.5754,-0.36409943681170454
2025-06-11,USD,5.5384,5.5551,-0.3006246512214039
2025-06-12,USD,5.5382,5.5384,-0.003611151235016763
2025-06-13,USD,5.5646,5.5382,0.47668917698893143
2025-06-16,USD,5.5117,5.5646,-0.9506523379937515
2025-06-17,USD,5.4767,5.5117,-0.6350127909719339
2025-06-18,USD,5.4873,5.4767,0.19354720908577594
2025-06-20,USD,5.4951,5.4873,0.1421464108031234
2025-06-23,USD,5.5207,5.4951,0.4658695929100398
2025-06-24,USD,5.4932,5.5207,-0.4981252377415868
2025-06-25,USD,5.5421,5.4932,0.8901915095026469
2025-06-26,USD,5.5139,5.5421,-0.5088323920535487
2025-06-27,USD,5.4753,5.5139,-0.7000489671557308
2025-06-30,USD,5.4565,5.4753,-0.34336018117727685
2025-07-01,USD,5.4505,5.4565,-0.10996059745258524
2025-07-02,USD,5.4506,5.4505,0.001834694064761777
2025-07-03,USD,5.4202,5.4506,-0.557736762925165
2025-07-04,USD,5.4084,5.4202,-0.21770414375853475
2025-07-07,USD,5.4546,5.4084,0.8542267583758534
2025-07-08,USD,5.4565,5.4546,0.03483298500348564
2025-07-09,USD,5.462,5.4565,0.10079721433151612
2025-07-10,USD,5.5427,5.462,1.477480776272433
2025-07-11,USD,5.5716,5.5427,0.521406534721347
2025-07-14,USD,5.5589,5.5716,-0.2279417043578147
2025-07-15,USD,5.5569,5.5589,-0.03597834103871156
2025-07-16,USD,5.5716,5.5569,0.26453598229230213
2025-07-17,USD,5.5731,5.5716,0.02692224854619063
2025-07-18,USD,5.546,5.5731,-0.4862643770971231
2025-07-21,USD,5.5619,5.546,0.2866931121528804
2025-07-22,USD,5.5703,5.5619,0.15102752656466212
2025-07-23,USD,5.5531,5.5703,-0.30878049656212214
2025-07-24,USD,5.5233,5.5531,-0.5366371936395886
2025-07-25,USD,5.542,5.5233,0.33856571252692813
2025-07-28,USD,5.5871,5.542,0.8137856369541785
2025-07-29,USD,5.5758,5.5871,-0.20225161532817504
2025-07-30,USD,5.6028,5.5758,0.4842354460346421
2025-07-31,USD,5.6015,5.6028,-0.02320268437211448
2025-08-01,USD,5.543,5.6015,-1.0443631170222178
2025-08-04,USD,5.5107,5.543,-0.5827169402850441
2025-08-05,USD,5.5113,5.5107,0.01088790897709746
2025-08-06,USD,5.4796,5.5113,-0.5751818990075042
2025-08-07,USD,5.4632,5.4796,-0.2992919191181831
2025-08-08,USD,5.4248,5.4632,-0.702884756186839
2025-08-11,USD,5.4467,5.4248,0.40370151894999484
2025-08-12,USD,5.4046,5.4467,-0.7729450860153753
2025-08-13,USD,5.3922,5.4046,-0.22943418569367768
2025-08-14,USD,5.4089,5.3922,0.30970661325617765
2025-08-15,USD,5.3922,5.4089,-0.3087503928710156
2025-08-18,USD,5.4149,5.3922,0.42097845035422576
2025-08-19,USD,5.471,5.4149,1.036030212930994
2025-08-20,USD,5.472,5.471,0.018278194114418334
2025-08-21,USD,5.4822,5.472,0.18640350877192624
2025-08-22,USD,5.4386,5.4822,-0.7953011564700185
2025-08-25,USD,5.4168,5.4386,-0.4008384510719609
2025-08-26,USD,5.4212,5.4168,0.08122876975336091
2025-08-27,USD,5.4422,5.4212,0.3873681103814697
2025-08-28,USD,5.4109,5.4422,-0.5751350556760126
2025-08-29,USD,5.4258,5.4109,0.27537008630726945
2025-09-01,USD,5.4372,5.4258,0.2101072652880731
2025-09-02,USD,5.4674,5.4372,0.5554329434267702
2025-09-03,USD,5.4479,5.4674,-0.35665947250977936
2025-09-04,USD,5.4581,5.4479,0.18722810624278718
2025-09-05,USD,5.3962,5.4581,-1.1340942818929611
2025-09-08,USD,5.4272,5.3962,0.5744783366072426
2025-09-09,USD,5.4272,5.4272,0.0
2025-09-10,USD,5.4117,5.4272,-0.28559846698114066
2025-09-11,USD,5.3852,5.4117,-0.489679767910256
2025-09-12,USD,5.3671,5.3852,-0.3361063655946017
2025-09-15,USD,5.3202,5.3671,-0.8738424847683057
2025-09-16,USD,5.309,5.3202,-0.21051840156384172
2025-09-17,USD,5.3005,5.309,-0.16010548125823254
2025-09-18,USD,5.3004,5.3005,-0.0018866144703477694
2025-09-19,USD,5.327,5.3004,0.5018489170628637
2025-09-22,USD,5.3451,5.327,0.3397784869532572
2025-09-23,USD,5.3057,5.3451,-0.7371237207910109
2025-09-24,USD,5.3106,5.3057,0.09235350660610209
2025-09-25,USD,5.3419,5.3106,0.5893872632094288
2025-09-26,USD,5.3439,5.3419,0.03743986222131124
2025-09-29,USD,5.3223,5.3439,-0.4041991803738765
2025-09-30,USD,5.318,5.3223,-0.08079213873702917
2025-10-01,USD,5.3202,5.318,0.041368935690111464
2025-10-02,USD,5.3443,5.3202,0.45299048907936346
2025-10-03,USD,5.3492,5.3443,0.09168646969668348
2025-10-06,USD,5.322,5.3492,-0.5084872504299676
2025-10-07,USD,5.3357,5.322,0.25742202179632745
2025-10-08,USD,5.3421,5.3357,0.11994677361921724
2025-10-09,USD,5.3532,5.3421,0.20778345594429926
2025-10-10,USD,5.444,5.3532,1.6961817230815246
2025-10-13,USD,5.4623,5.444,0.3361498897869186
2025-10-14,USD,5.4976,5.4623,0.6462479175439073
2025-10-15,USD,5.4458,5.4976,-0.9422293364377166
2025-10-16,USD,5.4348,5.4458,-0.20199052480811552
2025-10-17,USD,5.4384,5.4348,0.06623978803266262
2025-10-20,USD,5.3765,5.4384,-1.138202412474254
2025-10-21,USD,5.3842,5.3765,0.14321584674044097
2025-10-22,USD,5.3892,5.3842,0.09286430667507783
2025-10-23,USD,5.3834,5.3892,-0.10762265271282434
2025-10-24,USD,5.3791,5.3834,-0.079875171824495
2025-10-27,USD,5.3738,5.3791,-0.09852949378148512
2025-10-28,USD,5.3684,5.3738,-0.10048755070899418
2025-10-29,USD,5.341,5.3684,-0.510394158408467
2025-10-30,USD,5.3844,5.341,0.812581913499355
2025-10-31,USD,5.3837,5.3844,-0.013000520020800543
2025-11-03,USD,5.3499,5.3837,-0.627821015286889
2025-11-04,USD,5.384,5.3499,0.6373950914970505
2025-11-05,USD,5.3792,5.384,-0.08915304606241792
2025-11-06,USD,5.3445,5.3792,-0.6450773349196859
2025-11-07,USD,5.3561,5.3445,0.21704556085695437
2025-11-10,USD,5.3175,5.3561,-0.720673624465562
2025-11-11,USD,5.2723,5.3175,-0.8500235072872453
2025-11-12,USD,5.2879,5.2723,0.29588604593819845
2025-11-13,USD,5.2814,5.2879,-0.12292214300573256
2025-11-14,USD,5.2946,5.2814,0.24993372969288608
2025-11-17,USD,5.3102,5.2946,0.2946398217051449
2025-11-18,USD,5.3355,5.3102,0.4764415652894316
2025-11-19,USD,5.334,5.3355,-0.02811357885859067
2025-11-21,USD,5.3896,5.334,1.0423697037870383
2025-11-24,USD,5.3942,5.3896,0.08534956211962985
2025-11-25,USD,5.3835,5.3942,-0.198361202773345
2025-11-26,USD,5.3688,5.3835,-0.27305656171634496
2025-11-27,USD,5.3484,5.3688,-0.37997317836389044
2025-11-28,USD,5.3332,5.3484,-0.2841971430708301
2025-12-01,USD,5.3463,5.3332,0.24563114077853498
2025-12-02,USD,5.3459,5.3463,-0.007481809849796406
2025-12-03,USD,5.3108,5.3459,-0.6565779382330383
2025-12-04,USD,5.2946,5.3108,-0.3050387888830386
2025-12-05,USD,5.3399,5.2946,0.8555887130283768
2025-12-08,USD,5.4243,5.3399,1.5805539429577298
2025-12-09,USD,5.4564,5.4243,0.5917814280183675
2025-12-10,USD,5.465,5.4564,0.15761307822006465
2025-12-11,USD,5.4231,5.465,-0.7666971637694475
2025-12-12,USD,5.4005,5.4231,-0.4167358153085776
2025-12-15,USD,5.3923,5.4005,-0.15183779279697163
2025-12-16,USD,5.4499,5.3923,1.068189826233712
2025-12-17,USD,5.5087,5.4499,1.078918879245494
2025-12-18,USD,5.5277,5.5087,0.3449089621870849
2025-12-19,USD,5.5154,5.5277,-0.22251569368816337
2025-12-22,USD,5.5383,5.5154,0.4152010733582401
2025-12-23,USD,5.5637,5.5383,0.45862448765867647
2025-12-24,USD,5.5342,5.5637,-0.5302226935312793
2025-12-26,USD,5.5407,5.5342,0.11745148350257306
2025-12-29,USD,5.5733,5.5407,0.5883733102315603
2025-12-30,USD,5.5018,5.5733,-1.2829024097034014
2025-12-31,USD,5.5018,5.5018,0.0
2026-01-02,USD,5.4366,5.5018,-1.1850667054418507
2026-01-05,USD,5.4345,5.4366,-0.03862708310341523
2026-01-06,USD,5.3791,5.4345,-1.0194130094764886
2026-01-07,USD,5.3874,5.3791,0.15430090535590857
2026-01-08,USD,5.3854,5.3874,-0.03712365890783387
2026-01-09,USD,5.3701,5.3854,-0.2841014595016178
2026-01-12,USD,5.3754,5.3701,0.09869462393623518
2026-01-13,USD,5.3758,5.3754,0.00744130669345644
2026-01-14,USD,5.3789,5.3758,0.05766583578257212
2026-01-15,USD,5.384,5.3789,0.09481492498466526
2026-01-16,USD,5.3792,5.384,-0.08915304606241792
2026-01-19,USD,5.3647,5.3792,-0.26955681142176724
2026-01-20,USD,5.3784,5.3647,0.255373087031896
2026-01-21,USD,5.3362,5.3784,-0.7846199613267935
2026-01-22,USD,5.3112,5.3362,-0.46849818222703954
2026-01-23,USD,5.2872,5.3112,-0.451875282422054
2026-01-26,USD,5.2754,5.2872,-0.223180511423815
2026-01-27,USD,5.2386,5.2754,-0.697577434886465
2026-01-28,USD,5.1832,5.2386,-1.0575344557706146
2026-01-29,USD,5.195,5.1832,0.22765858928848193
2026-01-30,USD,5.2295,5.195,0.6641000962463783
2026-02-02,USD,5.2581,5.2295,0.5468974089301026
2026-02-03,USD,5.223,5.2581,-0.6675415073886026
2026-02-04,USD,5.2353,5.223,0.2354968408960323
2026-02-05,USD,5.2574,5.2353,0.422134357152415
2026-02-06,USD,5.2335,5.2574,-0.45459732947843445
2026-02-09,USD,5.1937,5.2335,-0.76048533486196
2026-02-10,USD,5.2015,5.1937,0.15018195121012656
2026-02-11,USD,5.183,5.2015,-0.35566663462464065
2026-02-12,USD,5.1668,5.183,-0.3125602932664395
2026-02-13,USD,5.2282,5.1668,1.1883564295114946
2026-02-18,USD,5.2343,5.2282,0.11667495505145453
